patient_id,start_time_relapse,end_time_relapse,relapse_level
59,2024-06-10 12:16:00,2024-06-10 14:24:43,0
22,2024-12-07 08:48:00,2024-12-08 07:01:45,2
49,2024-02-05 06:46:00,2024-02-05 17:31:13,1
51,2024-06-16 11:12:00,2024-06-16 15:51:58,0
57,2024-03-24 13:04:00,2024-03-24 17:05:17,0
3,2024-08-02 02:55:00,2024-08-02 06:48:58,0
74,2024-08-18 06:17:00,2024-08-18 09:21:22,0
4,2024-12-25 08:46:00,2024-12-25 15:29:43,1
75,2024-06-20 17:15:00,2024-06-20 18:30:28,0
81,2024-05-04 14:07:00,2024-05-04 20:04:55,1
93,2024-05-10 22:23:00,2024-05-11 02:15:33,0
80,2024-05-03 08:49:00,2024-05-04 18:37:22,2
18,2024-05-12 23:27:00,2024-05-13 06:26:09,1
9,2024-11-28 17:08:00,2024-11-28 19:02:18,0
42,2024-02-11 08:07:00,2024-02-11 11:10:57,0
100,2024-07-12 23:16:00,2024-07-13 01:42:18,0
83,2024-05-12 13:35:00,2024-05-12 16:08:30,0
30,2024-04-08 12:25:00,2024-04-08 14:02:38,0
96,2024-12-04 19:22:00,2024-12-04 22:37:23,0
8,2024-07-25 17:07:00,2024-07-25 21:01:21,0
56,2024-11-01 00:45:00,2024-11-01 03:39:37,0
8,2024-03-11 18:23:00,2024-03-11 21:46:38,0
57,2024-07-07 15:29:00,2024-07-07 18:33:08,0
70,2024-10-20 11:48:00,2024-10-20 13:45:59,0
11,2024-09-30 17:46:00,2024-09-30 20:14:19,0
21,2024-08-21 13:24:00,2024-08-21 19:11:15,1
93,2024-05-15 20:31:00,2024-05-15 23:14:44,0
24,2024-10-13 09:20:00,2024-10-13 12:39:44,0
75,2024-01-02 09:25:00,2024-01-02 11:52:57,0
20,2024-07-31 16:37:00,2024-07-31 19:51:14,0
71,2024-08-09 19:42:00,2024-08-09 21:40:02,0
21,2024-10-21 18:53:00,2024-10-21 22:43:26,0
11,2024-10-28 01:39:00,2024-10-28 04:23:59,0
88,2024-10-25 15:24:00,2024-10-26 21:32:44,2
51,2024-05-30 23:53:00,2024-06-01 11:48:28,2
34,2024-09-28 07:26:00,2024-09-28 13:54:43,1
79,2024-10-07 06:50:00,2024-10-07 11:02:05,0
41,2024-10-22 06:47:00,2024-10-22 09:47:57,0
51,2024-04-11 06:09:00,2024-04-11 16:23:23,1
19,2024-01-20 17:40:00,2024-01-20 22:02:59,0
37,2024-05-01 04:11:00,2024-05-01 06:42:08,0
91,2024-06-22 10:28:00,2024-06-22 12:22:39,0
82,2024-10-14 21:39:00,2024-10-14 23:23:19,0
78,2024-02-02 01:51:00,2024-02-03 07:38:07,2
34,2024-09-27 02:09:00,2024-09-27 04:36:21,0
25,2024-03-29 16:43:00,2024-03-30 01:37:47,1
73,2024-12-03 00:26:00,2024-12-03 01:37:35,0
85,2024-08-22 14:08:00,2024-08-22 17:45:22,0
53,2024-08-06 18:45:00,2024-08-06 23:37:55,0
100,2024-01-09 23:06:00,2024-01-10 01:22:01,0
72,2024-01-28 02:15:00,2024-01-29 11:04:46,2
18,2024-11-10 14:57:00,2024-11-10 23:17:52,1
48,2024-02-12 15:19:00,2024-02-13 21:27:23,2
50,2024-05-17 13:43:00,2024-05-17 21:05:52,1
96,2024-11-25 11:08:00,2024-11-25 14:00:57,0
10,2024-11-15 06:08:00,2024-11-16 17:53:40,2
63,2024-08-29 08:39:00,2024-08-29 10:23:58,0
91,2024-02-22 19:10:00,2024-02-22 23:27:02,0
35,2024-02-05 04:42:00,2024-02-05 10:12:57,0
46,2024-06-28 08:30:00,2024-06-28 11:32:14,0
83,2024-07-01 12:31:00,2024-07-01 15:34:26,0
26,2024-04-22 01:52:00,2024-04-22 06:03:11,0
4,2024-10-29 08:52:00,2024-10-29 15:01:19,1
52,2024-06-16 14:40:00,2024-06-16 16:05:04,0
69,2024-11-15 06:37:00,2024-11-15 07:26:12,0
68,2024-04-11 12:35:00,2024-04-11 17:13:06,0
69,2024-12-22 03:08:00,2024-12-22 06:32:47,0
86,2024-05-29 17:26:00,2024-05-30 01:30:23,1
79,2024-07-03 04:54:00,2024-07-03 08:40:26,0
32,2024-09-25 12:19:00,2024-09-26 19:48:52,2
93,2024-08-28 23:30:00,2024-08-29 06:59:37,1
50,2024-07-06 02:34:00,2024-07-06 05:00:49,0
87,2024-09-02 06:31:00,2024-09-02 09:36:14,0
94,2024-06-27 05:28:00,2024-06-27 13:30:15,1
64,2024-10-16 20:38:00,2024-10-17 06:29:58,1
90,2024-03-31 04:32:00,2024-03-31 12:54:16,1
62,2024-07-15 05:00:00,2024-07-15 15:21:51,1
98,2024-04-25 19:22:00,2024-04-25 21:43:15,0
26,2024-05-17 23:13:00,2024-05-18 00:59:56,0
50,2024-10-10 08:50:00,2024-10-10 11:07:49,0
25,2024-12-20 10:02:00,2024-12-20 18:22:59,1
8,2024-07-09 07:08:00,2024-07-09 10:18:21,0
91,2024-01-20 19:46:00,2024-01-20 21:50:36,0
55,2024-12-01 15:41:00,2024-12-01 17:40:19,0
61,2024-07-10 02:26:00,2024-07-10 04:31:24,0
9,2024-11-22 09:53:00,2024-11-22 15:01:24,0
25,2024-10-04 22:20:00,2024-10-05 06:45:30,1
5,2024-10-25 07:57:00,2024-10-25 10:55:48,0
38,2024-02-27 14:38:00,2024-02-27 21:33:43,1
48,2024-07-05 07:35:00,2024-07-05 10:16:49,0
33,2024-04-27 07:36:00,2024-04-27 10:45:43,0
45,2024-08-26 04:43:00,2024-08-26 13:58:02,1
32,2024-08-23 01:01:00,2024-08-23 09:41:54,1
29,2024-05-07 04:14:00,2024-05-07 05:42:01,0
55,2024-01-16 02:09:00,2024-01-16 07:59:14,1
9,2024-03-11 16:14:00,2024-03-11 17:09:44,0
28,2024-12-20 15:33:00,2024-12-20 19:28:15,0
99,2024-05-06 10:45:00,2024-05-06 11:52:40,0
37,2024-10-01 21:32:00,2024-10-02 00:10:58,0
99,2024-05-09 03:21:00,2024-05-09 04:57:45,0
66,2024-01-05 23:20:00,2024-01-06 02:36:27,0
50,2024-06-03 23:53:00,2024-06-04 02:30:58,0
86,2024-07-31 10:42:00,2024-07-31 14:49:02,0
38,2024-02-22 09:39:00,2024-02-22 12:09:21,0
8,2024-12-29 18:38:00,2024-12-30 21:58:28,2
65,2024-10-15 03:51:00,2024-10-15 07:31:58,0
43,2024-11-14 05:02:00,2024-11-14 05:51:16,0
19,2024-05-09 11:18:00,2024-05-09 21:24:07,1
79,2024-08-30 03:01:00,2024-08-30 05:52:03,0
76,2024-02-18 01:31:00,2024-02-18 04:49:26,0
27,2024-02-02 19:19:00,2024-02-02 22:45:02,0
66,2024-12-25 04:27:00,2024-12-25 09:18:16,0
28,2024-11-05 15:12:00,2024-11-07 01:03:36,2
42,2024-07-13 20:17:00,2024-07-14 07:01:00,1
30,2024-05-04 10:15:00,2024-05-04 12:54:19,0
8,2024-07-16 19:05:00,2024-07-17 03:26:03,1
70,2024-06-17 12:36:00,2024-06-17 23:41:18,1
21,2024-02-06 07:00:00,2024-02-06 09:43:37,0
50,2024-08-19 21:04:00,2024-08-20 02:33:36,1
47,2024-10-24 02:25:00,2024-10-24 06:17:19,0
97,2024-08-10 18:17:00,2024-08-11 00:58:52,1
48,2024-12-11 22:05:00,2024-12-12 08:13:16,1
88,2024-04-09 20:37:00,2024-04-10 00:14:03,0
1,2024-02-18 20:05:00,2024-02-18 22:24:43,0
81,2024-07-01 08:19:00,2024-07-01 10:52:06,0
26,2024-06-04 00:32:00,2024-06-04 05:08:22,0
5,2024-12-16 21:03:00,2024-12-17 06:48:58,1
19,2024-03-05 01:29:00,2024-03-05 08:58:55,1
11,2024-12-24 19:05:00,2024-12-24 22:16:28,0
20,2024-10-25 09:49:00,2024-10-25 14:35:56,0
26,2024-05-31 18:26:00,2024-05-31 22:30:28,0
22,2024-10-09 06:24:00,2024-10-09 08:36:55,0
82,2024-09-09 09:45:00,2024-09-09 10:43:19,0
96,2024-05-27 10:24:00,2024-05-27 14:54:16,0
44,2024-07-30 02:47:00,2024-07-31 07:32:19,2
89,2024-01-26 23:32:00,2024-01-27 03:14:54,0
41,2024-06-14 01:53:00,2024-06-14 05:27:08,0
35,2024-03-31 08:11:00,2024-03-31 16:04:26,1
31,2024-01-02 21:25:00,2024-01-03 00:58:17,0
87,2024-02-16 08:29:00,2024-02-17 17:18:20,2
37,2024-11-15 23:58:00,2024-11-17 09:52:04,2
56,2024-05-11 13:22:00,2024-05-11 15:53:57,0
34,2024-08-06 15:41:00,2024-08-06 18:45:26,0
80,2024-01-07 16:31:00,2024-01-07 19:16:52,0
44,2024-12-22 04:19:00,2024-12-22 08:33:56,0
3,2024-10-15 12:21:00,2024-10-15 16:30:35,0
76,2024-08-19 17:56:00,2024-08-19 22:28:29,0
11,2024-05-16 08:22:00,2024-05-16 11:03:06,0
60,2024-09-11 19:23:00,2024-09-11 23:19:38,0
4,2024-11-07 00:17:00,2024-11-07 04:54:34,0
66,2024-10-28 00:16:00,2024-10-29 04:57:44,2
34,2024-05-12 01:43:00,2024-05-12 04:04:56,0
89,2024-03-06 01:31:00,2024-03-06 04:13:49,0
85,2024-05-01 15:05:00,2024-05-01 19:57:02,0
4,2024-06-13 07:18:00,2024-06-14 07:32:34,2
11,2024-04-16 06:59:00,2024-04-16 10:52:30,0
2,2024-08-28 03:18:00,2024-08-28 11:06:22,1
1,2024-02-10 14:33:00,2024-02-10 21:41:48,1
70,2024-08-13 13:34:00,2024-08-13 16:39:19,0
31,2024-07-30 23:20:00,2024-07-31 05:47:00,1
98,2024-05-19 13:45:00,2024-05-19 17:17:09,0
86,2024-10-02 11:25:00,2024-10-02 15:56:37,0
78,2024-02-17 03:42:00,2024-02-17 07:23:27,0
6,2024-06-09 22:27:00,2024-06-09 23:09:04,0
81,2024-10-05 15:49:00,2024-10-05 17:55:20,0
65,2024-07-03 08:22:00,2024-07-03 16:49:04,1
20,2024-04-14 11:42:00,2024-04-14 14:13:40,0
52,2024-05-28 04:54:00,2024-05-28 10:26:42,0
46,2024-01-03 20:59:00,2024-01-04 02:38:56,0
48,2024-08-02 02:25:00,2024-08-02 06:44:13,0
45,2024-10-30 21:10:00,2024-10-31 06:03:31,1
74,2024-12-01 18:46:00,2024-12-01 20:56:48,0
95,2024-08-26 17:06:00,2024-08-26 19:42:11,0
48,2024-07-15 17:09:00,2024-07-15 21:19:26,0
57,2024-07-30 09:27:00,2024-07-30 13:16:37,0
56,2024-08-17 19:57:00,2024-08-17 21:42:41,0
45,2024-12-17 19:27:00,2024-12-18 01:26:29,1
80,2024-12-03 19:41:00,2024-12-03 22:32:23,0
47,2024-01-07 21:18:00,2024-01-09 11:10:57,2
91,2024-12-11 07:54:00,2024-12-11 10:48:10,0
66,2024-04-20 17:20:00,2024-04-20 21:50:43,0
14,2024-12-21 10:26:00,2024-12-21 12:43:37,0
12,2024-08-14 17:00:00,2024-08-15 21:41:00,2
5,2024-09-27 05:50:00,2024-09-27 17:25:54,1
15,2024-06-23 05:23:00,2024-06-23 07:20:04,0
14,2024-10-16 03:07:00,2024-10-16 10:26:37,1
96,2024-05-02 11:22:00,2024-05-02 19:46:39,1
75,2024-06-17 04:17:00,2024-06-17 06:01:11,0
94,2024-05-18 01:08:00,2024-05-18 04:22:50,0
63,2024-08-24 08:05:00,2024-08-24 08:35:00,0
27,2024-08-17 05:22:00,2024-08-17 09:13:30,0
15,2024-01-19 00:54:00,2024-01-19 11:09:48,1
67,2024-11-26 05:49:00,2024-11-27 09:02:23,2
96,2024-02-04 17:05:00,2024-02-04 19:14:09,0
89,2024-07-05 22:43:00,2024-07-06 03:05:46,0
18,2024-03-02 05:07:00,2024-03-02 07:54:52,0
100,2024-11-11 14:22:00,2024-11-11 20:38:10,1
88,2024-06-23 00:44:00,2024-06-23 08:34:38,1
9,2024-11-09 05:24:00,2024-11-09 14:22:07,1
43,2024-06-27 11:03:00,2024-06-27 21:09:12,1
35,2024-04-06 08:21:00,2024-04-06 10:57:18,0
68,2024-04-01 03:03:00,2024-04-01 04:29:31,0
92,2024-10-08 19:29:00,2024-10-08 23:04:46,0
15,2024-11-30 11:45:00,2024-11-30 20:06:30,1
61,2024-03-23 08:39:00,2024-03-23 09:49:22,0
77,2024-06-17 13:06:00,2024-06-17 16:16:01,0
89,2024-06-07 07:57:00,2024-06-07 10:33:54,0
22,2024-02-03 23:41:00,2024-02-04 08:21:54,1
62,2024-12-14 20:35:00,2024-12-14 22:33:02,0
49,2024-05-01 04:24:00,2024-05-01 06:15:37,0
86,2024-02-01 23:29:00,2024-02-02 03:15:29,0
30,2024-08-25 14:59:00,2024-08-25 21:29:25,1
44,2024-06-03 18:20:00,2024-06-04 03:19:23,1
86,2024-03-04 01:48:00,2024-03-04 04:47:34,0
66,2024-01-12 01:26:00,2024-01-12 08:14:06,1
9,2024-07-10 11:54:00,2024-07-10 12:24:00,0
71,2024-03-11 15:59:00,2024-03-11 19:52:18,0
58,2024-10-01 14:50:00,2024-10-01 18:47:02,1
82,2024-09-11 09:56:00,2024-09-11 14:34:52,0
16,2024-02-01 21:12:00,2024-02-02 04:52:01,1
24,2024-02-19 20:34:00,2024-02-20 04:58:47,1
63,2024-02-13 10:53:00,2024-02-13 12:50:15,0
82,2024-12-28 19:07:00,2024-12-28 21:09:26,0
15,2024-12-03 09:14:00,2024-12-03 13:10:06,0
82,2024-05-09 10:54:00,2024-05-09 14:05:48,0
39,2024-06-29 09:27:00,2024-06-29 11:22:35,0
89,2024-07-13 15:20:00,2024-07-15 01:42:35,2
43,2024-02-23 20:18:00,2024-02-24 00:42:57,0
65,2024-03-22 20:28:00,2024-03-23 04:32:20,1
76,2024-04-20 08:48:00,2024-04-20 11:56:52,0
3,2024-05-19 09:52:00,2024-05-19 17:19:02,1
93,2024-12-27 11:55:00,2024-12-27 15:30:06,0
23,2024-05-15 12:25:00,2024-05-15 17:49:47,0
85,2024-03-21 06:22:00,2024-03-21 09:33:35,0
12,2024-07-25 17:05:00,2024-07-25 20:34:39,0
38,2024-02-23 21:29:00,2024-02-24 05:47:14,1
38,2024-12-11 17:58:00,2024-12-11 20:50:17,0
58,2024-12-01 18:30:00,2024-12-01 20:57:48,0
40,2024-06-08 09:43:00,2024-06-08 11:58:24,0
31,2024-01-20 12:51:00,2024-01-20 17:22:43,0
57,2024-04-15 10:59:00,2024-04-16 17:48:37,2
92,2024-09-07 15:29:00,2024-09-08 21:18:40,2
29,2024-09-16 14:31:00,2024-09-17 15:25:07,2
94,2024-07-23 19:38:00,2024-07-23 22:56:20,0
77,2024-11-26 12:42:00,2024-11-26 18:10:55,0
68,2024-05-23 15:49:00,2024-05-25 00:52:39,2
28,2024-05-12 12:12:00,2024-05-12 15:13:04,0
80,2024-10-23 21:29:00,2024-10-25 05:01:40,2
36,2024-08-24 09:31:00,2024-08-25 17:01:03,2
48,2024-01-17 01:13:00,2024-01-17 08:16:36,1
14,2024-03-23 18:45:00,2024-03-23 23:00:29,0
47,2024-07-21 18:57:00,2024-07-21 19:38:45,0
22,2024-09-16 15:21:00,2024-09-17 01:17:02,1
97,2024-03-25 07:20:00,2024-03-25 09:04:53,0
62,2024-12-11 08:37:00,2024-12-11 12:43:50,0
59,2024-07-16 23:03:00,2024-07-17 01:37:39,0
60,2024-02-28 11:02:00,2024-02-29 14:36:48,2
52,2024-05-17 00:37:00,2024-05-17 10:52:42,1
68,2024-01-12 11:09:00,2024-01-12 16:07:40,0
81,2024-08-01 23:26:00,2024-08-02 03:12:57,0
98,2024-05-08 12:42:00,2024-05-08 16:05:29,0
29,2024-08-27 16:16:00,2024-08-28 17:54:37,2
91,2024-08-24 22:31:00,2024-08-25 00:55:53,0
40,2024-12-02 17:31:00,2024-12-02 20:09:09,0
11,2024-04-29 20:50:00,2024-04-30 05:07:43,1
37,2024-06-05 13:30:00,2024-06-05 22:08:33,1
6,2024-04-11 13:34:00,2024-04-11 22:12:02,1
89,2024-08-24 20:46:00,2024-08-25 05:55:32,1
82,2024-10-06 00:11:00,2024-10-06 01:50:38,0
36,2024-09-13 16:41:00,2024-09-13 20:17:13,0
58,2024-11-25 12:18:00,2024-11-25 21:04:13,1
23,2024-07-30 18:35:00,2024-07-31 04:05:24,1
72,2024-07-10 03:02:00,2024-07-10 11:31:38,1
33,2024-07-01 12:28:00,2024-07-02 22:46:46,2
36,2024-04-14 22:09:00,2024-04-15 00:31:48,0
54,2024-10-31 19:13:00,2024-10-31 23:15:48,0
36,2024-06-26 03:03:00,2024-06-26 08:12:52,1
9,2024-12-19 16:25:00,2024-12-19 18:50:09,0
33,2024-04-08 16:55:00,2024-04-09 01:30:35,1
4,2024-06-25 19:51:00,2024-06-26 04:41:47,1
13,2024-03-03 13:04:00,2024-03-03 21:42:23,1
8,2024-04-10 22:08:00,2024-04-11 02:10:47,0
6,2024-04-05 19:11:00,2024-04-05 21:47:27,0
50,2024-12-12 08:34:00,2024-12-12 11:26:05,0
74,2024-03-22 18:06:00,2024-03-22 22:23:10,0
46,2024-01-18 01:56:00,2024-01-18 04:32:06,0
28,2024-09-28 21:09:00,2024-09-28 23:58:44,0
27,2024-07-19 16:21:00,2024-07-19 19:20:30,0
52,2024-09-15 00:43:00,2024-09-15 02:07:44,0
67,2024-06-29 13:00:00,2024-06-29 17:48:20,0
64,2024-07-21 17:15:00,2024-07-21 20:03:40,0
44,2024-12-28 15:57:00,2024-12-28 19:36:03,0
30,2024-10-18 03:01:00,2024-10-18 09:44:41,1
46,2024-04-21 09:26:00,2024-04-21 13:39:32,0
18,2024-01-02 06:24:00,2024-01-02 10:05:24,0
33,2024-08-14 01:49:00,2024-08-14 03:09:20,0
4,2024-03-01 15:06:00,2024-03-01 21:12:12,1
40,2024-10-15 03:27:00,2024-10-15 07:38:52,0
99,2024-06-30 18:31:00,2024-06-30 21:51:20,0
33,2024-03-27 04:16:00,2024-03-27 09:32:11,0
51,2024-04-11 15:51:00,2024-04-11 20:51:39,0
91,2024-01-22 12:14:00,2024-01-22 14:30:28,0
70,2024-10-16 07:24:00,2024-10-16 09:43:56,0
21,2024-08-20 07:53:00,2024-08-20 12:57:58,0
76,2024-09-14 22:11:00,2024-09-15 06:38:37,1
47,2024-04-07 13:39:00,2024-04-08 20:42:55,2
34,2024-08-17 21:05:00,2024-08-17 23:33:28,0
87,2024-10-24 16:43:00,2024-10-24 18:18:51,0
66,2024-10-20 12:15:00,2024-10-20 19:18:49,1
81,2024-06-07 09:01:00,2024-06-07 11:14:28,0
90,2024-08-09 21:39:00,2024-08-09 23:12:07,0
82,2024-07-13 21:47:00,2024-07-13 23:39:31,0
80,2024-06-22 18:53:00,2024-06-22 21:14:13,0
98,2024-06-04 15:55:00,2024-06-05 19:59:40,2
49,2024-02-08 13:10:00,2024-02-08 22:18:56,1
50,2024-01-20 14:26:00,2024-01-20 19:40:41,1
26,2024-08-27 11:29:00,2024-08-27 14:39:31,0
89,2024-11-24 10:54:00,2024-11-24 13:44:13,0
48,2024-11-28 20:48:00,2024-11-28 23:04:58,0
90,2024-08-20 20:01:00,2024-08-21 00:06:11,0
31,2024-03-30 20:26:00,2024-03-31 01:18:15,0
32,2024-07-06 01:04:00,2024-07-06 07:14:49,1
8,2024-01-08 07:14:00,2024-01-08 11:44:11,1
90,2024-08-31 03:29:00,2024-08-31 07:00:17,0
33,2024-06-19 19:34:00,2024-06-20 18:06:29,2
38,2024-04-04 06:15:00,2024-04-04 13:35:55,1
21,2024-05-08 17:06:00,2024-05-08 22:09:38,0
69,2024-03-12 05:43:00,2024-03-12 08:00:09,0
29,2024-09-24 20:09:00,2024-09-24 20:47:25,0
66,2024-12-25 18:38:00,2024-12-25 20:55:43,0
55,2024-02-11 14:00:00,2024-02-11 16:54:25,0
1,2024-04-14 19:15:00,2024-04-15 02:35:15,1
7,2024-08-19 10:23:00,2024-08-19 13:46:22,0
92,2024-07-12 15:49:00,2024-07-12 18:25:54,0
76,2024-09-22 02:22:00,2024-09-22 05:16:39,0
57,2024-09-21 00:45:00,2024-09-21 04:34:29,0
89,2024-11-21 16:39:00,2024-11-22 02:13:23,1
54,2024-09-18 07:20:00,2024-09-18 14:35:43,1
65,2024-10-12 03:05:00,2024-10-12 04:59:37,0
70,2024-01-26 08:14:00,2024-01-26 11:05:45,0
16,2024-01-12 02:51:00,2024-01-12 04:46:49,0
89,2024-08-11 21:39:00,2024-08-12 00:08:51,0
98,2024-02-07 00:27:00,2024-02-07 03:05:45,0
21,2024-04-10 20:47:00,2024-04-11 00:36:57,0
16,2024-03-28 05:24:00,2024-03-28 09:34:58,0
78,2024-03-08 15:47:00,2024-03-08 19:01:29,0
79,2024-10-04 20:50:00,2024-10-04 23:05:57,0
63,2024-02-14 22:10:00,2024-02-15 01:49:54,0
83,2024-11-20 16:05:00,2024-11-20 20:21:02,0
98,2024-12-27 12:52:00,2024-12-27 16:17:07,0
71,2024-02-22 14:05:00,2024-02-22 17:21:15,0
27,2024-01-23 08:06:00,2024-01-23 16:24:57,1
100,2024-10-27 17:55:00,2024-10-28 03:02:30,1
84,2024-03-31 08:15:00,2024-03-31 12:50:45,0
90,2024-12-17 09:42:00,2024-12-17 11:24:13,0
69,2024-04-23 15:44:00,2024-04-23 17:31:12,0
85,2024-08-30 18:44:00,2024-08-30 21:48:54,0
32,2024-09-18 08:07:00,2024-09-18 13:07:29,0
48,2024-11-17 14:07:00,2024-11-18 17:12:04,2
7,2024-12-04 22:37:00,2024-12-04 23:31:49,0
91,2024-06-23 17:03:00,2024-06-23 21:49:21,0
10,2024-06-04 04:52:00,2024-06-04 06:20:09,0
76,2024-02-26 08:13:00,2024-02-26 11:19:49,0
45,2024-07-03 11:07:00,2024-07-03 13:31:08,0
59,2024-03-15 09:28:00,2024-03-16 13:05:24,2
89,2024-04-13 00:44:00,2024-04-13 04:16:58,0
23,2024-01-04 02:55:00,2024-01-05 06:40:47,2
49,2024-06-11 18:54:00,2024-06-13 00:16:23,2
68,2024-09-29 22:11:00,2024-09-30 01:43:25,0
68,2024-03-31 03:47:00,2024-03-31 07:11:47,0
72,2024-07-09 12:42:00,2024-07-09 16:13:48,0
34,2024-10-28 08:35:00,2024-10-28 12:56:28,0
15,2024-09-05 21:48:00,2024-09-06 00:54:59,0
38,2024-07-23 13:03:00,2024-07-23 18:07:49,1
60,2024-12-09 12:37:00,2024-12-09 14:29:39,0
32,2024-10-28 16:59:00,2024-10-28 22:49:53,0
46,2024-06-23 10:03:00,2024-06-23 19:15:26,1
4,2024-11-06 09:57:00,2024-11-06 10:52:39,0
94,2024-02-17 16:43:00,2024-02-17 23:13:28,1
18,2024-12-06 11:09:00,2024-12-06 13:44:44,0
51,2024-04-29 14:09:00,2024-04-29 15:32:40,0
42,2024-05-05 13:22:00,2024-05-05 19:52:37,1
56,2024-11-04 18:22:00,2024-11-04 22:58:51,0
17,2024-12-25 13:26:00,2024-12-25 17:29:41,1
61,2024-03-07 03:54:00,2024-03-07 14:31:50,1
96,2024-04-27 08:22:00,2024-04-27 14:46:14,1
30,2024-08-11 21:44:00,2024-08-12 00:12:54,0
41,2024-02-24 05:27:00,2024-02-24 10:20:34,0
32,2024-10-09 07:33:00,2024-10-09 16:09:52,1
16,2024-10-30 08:39:00,2024-10-30 18:19:39,1
81,2024-06-23 10:05:00,2024-06-24 17:25:39,2
2,2024-05-18 16:20:00,2024-05-18 19:25:51,0
37,2024-05-30 15:57:00,2024-05-30 19:23:12,0
46,2024-12-26 11:25:00,2024-12-26 19:58:03,1
2,2024-03-29 18:21:00,2024-03-29 22:27:01,0
40,2024-10-05 04:45:00,2024-10-06 02:30:56,2
92,2024-10-08 22:48:00,2024-10-09 05:06:52,1
77,2024-10-22 00:24:00,2024-10-22 03:29:29,0
71,2024-01-19 00:19:00,2024-01-19 06:40:55,1
66,2024-02-07 15:13:00,2024-02-08 00:54:44,1
76,2024-09-10 07:25:00,2024-09-10 10:30:16,0
19,2024-12-19 09:39:00,2024-12-20 18:34:41,2
85,2024-08-02 21:32:00,2024-08-03 01:08:01,0
32,2024-11-18 22:22:00,2024-11-19 05:59:42,1
64,2024-03-18 13:26:00,2024-03-18 16:48:19,0
83,2024-09-23 16:57:00,2024-09-24 00:22:12,1
24,2024-12-28 20:40:00,2024-12-29 00:25:11,0
1,2024-07-09 08:22:00,2024-07-09 11:09:13,0
79,2024-09-04 00:32:00,2024-09-05 12:37:39,2
29,2024-10-24 00:16:00,2024-10-24 02:41:50,0
47,2024-09-16 05:54:00,2024-09-16 07:14:18,0
46,2024-11-19 14:17:00,2024-11-20 17:34:51,2
3,2024-07-28 09:06:00,2024-07-29 20:07:19,2
9,2024-04-15 20:25:00,2024-04-16 00:23:59,0
60,2024-04-29 15:15:00,2024-04-29 17:49:28,0
52,2024-07-17 05:17:00,2024-07-17 09:27:39,0
71,2024-10-16 04:40:00,2024-10-16 09:12:35,0
14,2024-03-27 09:08:00,2024-03-27 13:01:11,0
97,2024-01-29 03:12:00,2024-01-29 10:43:09,1
77,2024-01-08 04:03:00,2024-01-08 11:25:58,1
85,2024-01-28 00:56:00,2024-01-28 07:50:53,1
76,2024-10-11 02:57:00,2024-10-11 09:36:26,1
74,2024-09-08 00:50:00,2024-09-08 02:02:46,0
46,2024-09-17 18:25:00,2024-09-17 21:00:33,0
80,2024-03-13 11:07:00,2024-03-13 15:14:40,0
53,2024-05-22 12:38:00,2024-05-22 13:38:39,0
46,2024-06-14 14:37:00,2024-06-14 16:22:39,0
55,2024-02-23 16:06:00,2024-02-24 01:14:50,1
83,2024-08-18 08:33:00,2024-08-18 10:17:00,0
37,2024-04-26 11:13:00,2024-04-26 14:13:56,0
10,2024-06-03 21:11:00,2024-06-04 00:22:55,0
92,2024-05-24 08:46:00,2024-05-24 18:09:11,1
28,2024-01-10 11:45:00,2024-01-10 12:50:30,0
4,2024-06-23 18:17:00,2024-06-23 23:42:11,0
46,2024-09-12 10:19:00,2024-09-12 13:16:49,0
48,2024-10-20 12:57:00,2024-10-20 21:40:26,1
47,2024-12-26 05:42:00,2024-12-26 09:25:44,0
90,2024-10-10 18:32:00,2024-10-11 05:30:12,1
15,2024-10-20 15:34:00,2024-10-20 23:54:02,1
7,2024-11-02 06:40:00,2024-11-02 08:45:23,0
92,2024-02-01 12:35:00,2024-02-01 14:41:02,0
56,2024-06-02 04:55:00,2024-06-03 08:22:20,2
60,2024-10-14 04:02:00,2024-10-14 06:46:17,0
42,2024-10-31 16:55:00,2024-10-31 19:54:44,0
68,2024-10-26 19:05:00,2024-10-27 02:40:08,1
39,2024-04-08 10:52:00,2024-04-09 20:33:30,2
1,2024-05-24 04:18:00,2024-05-25 06:51:27,2
4,2024-09-10 07:17:00,2024-09-10 12:51:17,1
78,2024-04-08 23:29:00,2024-04-09 02:26:39,0
60,2024-11-12 07:09:00,2024-11-12 10:30:33,0
58,2024-11-09 06:17:00,2024-11-09 15:29:27,1
25,2024-06-03 12:46:00,2024-06-03 16:06:19,0
53,2024-08-02 14:29:00,2024-08-02 17:27:26,0
75,2024-11-06 13:19:00,2024-11-07 07:03:19,2
4,2024-10-05 14:26:00,2024-10-05 19:19:09,0
23,2024-06-24 03:01:00,2024-06-24 07:36:00,0
59,2024-09-26 09:34:00,2024-09-26 12:45:14,0
92,2024-07-31 18:27:00,2024-07-31 20:40:27,0
11,2024-03-26 20:43:00,2024-03-27 00:56:03,0
45,2024-06-24 13:03:00,2024-06-24 15:41:07,0
66,2024-06-07 04:59:00,2024-06-07 08:17:04,0
43,2024-11-16 07:32:00,2024-11-16 08:02:00,0
31,2024-02-27 23:14:00,2024-02-28 05:47:49,1
25,2024-09-09 02:08:00,2024-09-09 04:33:04,0
42,2024-09-27 17:09:00,2024-09-28 21:36:35,2
95,2024-08-25 08:40:00,2024-08-25 12:08:37,0
45,2024-11-24 07:31:00,2024-11-24 10:34:10,0
72,2024-02-05 23:11:00,2024-02-06 08:42:14,1
78,2024-09-13 04:49:00,2024-09-13 07:57:04,0
22,2024-01-17 22:14:00,2024-01-18 20:52:24,2
21,2024-05-12 19:52:00,2024-05-12 22:47:31,0
22,2024-12-14 14:09:00,2024-12-15 16:21:51,2
85,2024-01-02 18:51:00,2024-01-02 21:28:54,0
45,2024-10-19 11:23:00,2024-10-19 18:21:05,1
60,2024-03-30 23:39:00,2024-03-31 02:37:22,0
76,2024-01-30 07:28:00,2024-01-31 10:39:52,2
95,2024-02-18 04:10:00,2024-02-18 06:42:23,0
7,2024-12-08 08:19:00,2024-12-08 11:48:03,0
75,2024-05-19 03:41:00,2024-05-20 08:02:35,2
81,2024-08-15 07:04:00,2024-08-15 07:58:16,0
55,2024-05-13 04:39:00,2024-05-13 10:27:17,0
58,2024-07-18 11:21:00,2024-07-18 19:11:22,1
59,2024-01-22 17:47:00,2024-01-22 21:04:45,0
50,2024-07-29 17:23:00,2024-07-29 19:45:34,0
93,2024-07-14 21:00:00,2024-07-15 01:04:28,0
7,2024-11-21 05:03:00,2024-11-22 13:15:07,2
23,2024-12-21 09:22:00,2024-12-21 13:20:07,0
89,2024-01-05 18:32:00,2024-01-05 20:53:32,0
6,2024-01-30 20:09:00,2024-02-01 03:26:01,2
21,2024-12-20 12:57:00,2024-12-20 18:21:27,1
15,2024-05-28 03:23:00,2024-05-28 06:34:24,0
48,2024-08-28 15:43:00,2024-08-28 19:00:43,0
23,2024-11-18 12:36:00,2024-11-18 16:07:18,0
98,2024-04-08 21:06:00,2024-04-08 22:05:05,0
93,2024-12-28 16:35:00,2024-12-28 18:39:30,0
21,2024-02-15 07:01:00,2024-02-15 10:40:17,0
47,2024-10-14 16:58:00,2024-10-14 20:06:10,0
60,2024-04-11 11:21:00,2024-04-11 12:46:53,0
61,2024-09-19 12:06:00,2024-09-20 16:03:54,2
12,2024-05-02 10:33:00,2024-05-03 23:14:13,2
7,2024-11-15 21:35:00,2024-11-16 04:02:21,1
76,2024-05-17 10:57:00,2024-05-17 15:01:05,0
36,2024-08-17 22:07:00,2024-08-18 02:11:22,0
34,2024-04-02 12:40:00,2024-04-02 18:49:17,1
99,2024-10-19 04:03:00,2024-10-19 11:55:55,1
49,2024-02-02 06:10:00,2024-02-02 10:06:57,0
2,2024-03-26 11:28:00,2024-03-27 15:56:35,2
3,2024-04-15 05:13:00,2024-04-15 13:00:31,1
37,2024-10-01 21:33:00,2024-10-02 19:36:14,2
7,2024-07-18 19:05:00,2024-07-19 06:07:19,1
16,2024-01-28 23:57:00,2024-01-29 02:34:52,0
18,2024-05-19 01:58:00,2024-05-19 05:28:21,0
22,2024-07-21 19:53:00,2024-07-22 15:35:26,2
44,2024-03-13 15:57:00,2024-03-13 21:40:50,1
95,2024-02-13 03:36:00,2024-02-13 06:27:54,0
70,2024-01-17 04:39:00,2024-01-17 06:16:58,0
75,2024-04-01 09:57:00,2024-04-01 14:17:33,0
54,2024-03-31 22:50:00,2024-04-01 06:47:12,1
44,2024-07-26 08:53:00,2024-07-27 17:01:20,2
39,2024-04-16 04:36:00,2024-04-16 07:12:08,0
67,2024-04-14 03:39:00,2024-04-14 08:21:32,0
89,2024-12-08 18:04:00,2024-12-08 21:08:23,0
27,2024-11-17 08:22:00,2024-11-18 09:49:14,2
35,2024-05-29 19:05:00,2024-05-30 05:29:14,1
68,2024-08-14 07:59:00,2024-08-14 15:30:48,1
51,2024-11-13 03:32:00,2024-11-13 05:35:06,0
49,2024-12-26 09:42:00,2024-12-26 13:21:22,0
67,2024-02-11 09:55:00,2024-02-11 12:34:46,0
9,2024-11-24 11:14:00,2024-11-24 13:45:48,0
18,2024-12-15 00:11:00,2024-12-15 11:12:33,1
54,2024-05-15 10:23:00,2024-05-15 17:31:19,1
24,2024-12-22 15:29:00,2024-12-24 01:06:49,2
28,2024-11-06 00:53:00,2024-11-07 04:17:49,2
66,2024-01-16 21:36:00,2024-01-17 01:43:09,0
45,2024-04-15 14:30:00,2024-04-15 20:12:14,1
33,2024-10-29 05:52:00,2024-10-30 08:50:19,2
73,2024-11-30 13:28:00,2024-11-30 18:57:28,1
34,2024-02-11 08:27:00,2024-02-11 10:36:15,0
78,2024-01-16 04:29:00,2024-01-16 07:01:14,0
18,2024-08-14 21:49:00,2024-08-15 00:45:10,0
39,2024-11-14 03:10:00,2024-11-15 09:59:18,2
99,2024-11-27 16:40:00,2024-11-27 20:51:39,0
8,2024-03-24 03:05:00,2024-03-24 07:45:09,0
72,2024-07-13 23:43:00,2024-07-14 05:42:12,1
95,2024-01-21 09:43:00,2024-01-21 12:59:18,0
71,2024-08-23 20:49:00,2024-08-24 00:26:40,0
51,2024-08-19 22:20:00,2024-08-19 23:52:34,0
57,2024-05-30 08:28:00,2024-05-30 14:46:11,1
56,2024-08-13 15:22:00,2024-08-13 19:02:35,0
80,2024-06-03 05:47:00,2024-06-03 09:58:35,1
34,2024-02-07 01:24:00,2024-02-07 05:02:19,0
95,2024-03-28 11:23:00,2024-03-28 20:42:05,1
8,2024-10-12 02:18:00,2024-10-12 06:34:35,0
34,2024-05-14 21:17:00,2024-05-14 22:39:52,0
65,2024-10-04 02:46:00,2024-10-04 09:58:10,1
94,2024-10-23 13:26:00,2024-10-23 16:32:14,0
33,2024-04-16 22:32:00,2024-04-17 00:52:28,0
83,2024-04-21 09:32:00,2024-04-21 10:54:11,0
91,2024-12-07 11:33:00,2024-12-07 19:59:40,1
82,2024-01-30 19:28:00,2024-01-30 23:21:51,0
77,2024-04-25 03:58:00,2024-04-25 09:02:21,1
44,2024-03-01 06:23:00,2024-03-01 10:05:12,0
61,2024-04-11 23:37:00,2024-04-12 02:22:59,0
90,2024-03-27 08:32:00,2024-03-27 12:11:27,0
89,2024-04-28 22:23:00,2024-04-29 01:29:49,0
97,2024-05-24 02:17:00,2024-05-24 07:30:41,0
23,2024-07-17 13:41:00,2024-07-17 16:21:52,0
60,2024-08-26 16:38:00,2024-08-26 19:03:50,0
14,2024-11-20 12:07:00,2024-11-21 20:54:34,2
70,2024-12-12 10:04:00,2024-12-12 12:57:56,0
32,2024-07-18 13:48:00,2024-07-18 17:21:10,0
56,2024-07-28 02:58:00,2024-07-28 10:30:56,1
56,2024-09-03 11:12:00,2024-09-03 17:45:02,0
26,2024-07-23 22:59:00,2024-07-24 02:29:54,0
34,2024-12-29 13:50:00,2024-12-29 23:04:44,1
44,2024-07-10 15:54:00,2024-07-11 21:11:39,2
33,2024-03-04 06:40:00,2024-03-04 10:08:44,0
58,2024-11-20 06:19:00,2024-11-21 15:51:25,2
61,2024-03-16 07:52:00,2024-03-16 11:23:49,0
85,2024-04-07 04:10:00,2024-04-07 06:03:29,0
60,2024-07-22 19:36:00,2024-07-22 23:25:44,0
49,2024-09-01 18:45:00,2024-09-03 03:52:33,2
2,2024-08-19 03:40:00,2024-08-19 06:59:43,0
12,2024-07-27 15:04:00,2024-07-27 16:46:53,0
51,2024-11-10 21:34:00,2024-11-11 01:41:12,0
24,2024-11-16 13:36:00,2024-11-16 16:16:12,0
89,2024-02-07 08:44:00,2024-02-07 10:02:13,0
90,2024-07-16 18:34:00,2024-07-16 22:44:40,0
14,2024-07-01 09:31:00,2024-07-01 13:02:31,0
7,2024-11-29 11:54:00,2024-11-29 14:34:36,0
18,2024-06-08 21:14:00,2024-06-09 01:08:33,0
13,2024-12-28 04:28:00,2024-12-28 07:41:44,0
11,2024-08-12 01:55:00,2024-08-12 03:27:54,0
56,2024-11-07 19:59:00,2024-11-07 22:04:23,0
22,2024-05-24 06:34:00,2024-05-24 15:24:39,1
41,2024-09-13 01:57:00,2024-09-13 06:19:06,0
84,2024-01-09 13:21:00,2024-01-09 21:41:32,1
83,2024-01-16 03:59:00,2024-01-16 08:19:33,0
94,2024-10-23 23:03:00,2024-10-24 01:45:08,0
28,2024-11-04 22:51:00,2024-11-05 00:16:41,0
86,2024-05-03 18:34:00,2024-05-03 19:51:39,0
37,2024-04-03 16:53:00,2024-04-03 18:55:02,0
96,2024-09-01 21:44:00,2024-09-02 00:52:15,0
11,2024-05-03 15:24:00,2024-05-03 17:00:37,0
58,2024-01-22 13:23:00,2024-01-22 15:53:04,0
34,2024-08-06 11:18:00,2024-08-06 13:52:11,0
44,2024-11-18 23:24:00,2024-11-19 02:48:39,0
58,2024-03-14 01:26:00,2024-03-14 06:16:29,0
16,2024-04-10 12:15:00,2024-04-10 14:13:37,0
40,2024-08-27 03:20:00,2024-08-27 10:50:35,1
15,2024-02-05 23:57:00,2024-02-06 01:30:27,0
56,2024-08-13 21:16:00,2024-08-14 05:45:28,1
54,2024-10-14 15:14:00,2024-10-14 17:53:12,0
26,2024-11-28 00:39:00,2024-11-28 02:57:26,0
34,2024-11-22 12:29:00,2024-11-22 22:20:10,1
37,2024-02-25 01:00:00,2024-02-25 21:18:15,2
16,2024-03-12 21:27:00,2024-03-12 22:37:42,0
85,2024-10-17 15:03:00,2024-10-17 17:14:30,0
85,2024-03-20 05:15:00,2024-03-20 11:21:54,1
90,2024-08-21 00:04:00,2024-08-21 08:24:44,1
84,2024-03-02 04:50:00,2024-03-02 07:12:00,0
94,2024-02-13 05:11:00,2024-02-13 07:30:02,0
92,2024-01-10 10:19:00,2024-01-10 15:39:37,0
80,2024-12-15 19:13:00,2024-12-15 21:19:55,0
17,2024-09-22 04:35:00,2024-09-22 07:49:14,0
31,2024-03-12 20:07:00,2024-03-13 00:42:15,0
31,2024-09-19 07:12:00,2024-09-19 08:37:07,0
97,2024-02-11 15:37:00,2024-02-12 01:16:44,1
57,2024-11-18 13:19:00,2024-11-18 17:02:18,0
70,2024-10-21 23:49:00,2024-10-22 02:32:38,0
96,2024-12-18 12:27:00,2024-12-18 22:36:20,1
1,2024-05-01 21:56:00,2024-05-02 05:34:03,1
57,2024-07-13 21:04:00,2024-07-13 22:47:33,0
40,2024-09-27 18:53:00,2024-09-27 22:25:27,0
15,2024-09-26 20:44:00,2024-09-27 00:41:26,0
58,2024-08-17 14:40:00,2024-08-17 17:43:17,0
35,2024-12-09 21:46:00,2024-12-10 00:39:21,0
99,2024-11-02 14:23:00,2024-11-02 17:25:25,0
69,2024-05-03 12:13:00,2024-05-03 15:29:53,0
28,2024-09-04 05:58:00,2024-09-04 07:43:35,0
90,2024-03-10 00:15:00,2024-03-10 05:41:25,0
16,2024-10-25 11:03:00,2024-10-25 13:06:09,0
83,2024-02-01 18:49:00,2024-02-01 21:26:43,0
27,2024-04-06 16:16:00,2024-04-06 19:26:37,0
49,2024-01-20 13:43:00,2024-01-20 15:35:15,0
49,2024-05-11 13:18:00,2024-05-11 19:30:35,1
72,2024-09-09 17:30:00,2024-09-09 20:04:29,0
41,2024-09-30 16:18:00,2024-10-01 02:04:00,1
75,2024-03-12 10:59:00,2024-03-12 18:13:58,1
63,2024-02-17 12:28:00,2024-02-17 16:12:08,0
23,2024-03-07 05:15:00,2024-03-07 08:41:50,0
31,2024-08-21 01:10:00,2024-08-21 04:01:48,0
40,2024-01-26 14:22:00,2024-01-26 18:40:46,0
11,2024-02-24 12:30:00,2024-02-24 19:22:26,1
25,2024-10-29 11:49:00,2024-10-29 15:23:43,0
75,2024-12-07 09:41:00,2024-12-07 14:56:17,0
78,2024-06-25 04:50:00,2024-06-25 06:21:24,0
6,2024-01-26 07:37:00,2024-01-26 11:16:52,0
68,2024-06-04 16:21:00,2024-06-04 19:50:44,0
30,2024-07-31 06:01:00,2024-07-31 08:01:28,0
43,2024-01-06 21:14:00,2024-01-07 00:29:13,0
36,2024-05-20 21:08:00,2024-05-22 12:42:45,2
40,2024-11-24 07:59:00,2024-11-24 10:51:48,0
92,2024-10-06 17:44:00,2024-10-06 20:19:24,0
19,2024-05-31 22:53:00,2024-06-01 00:56:55,0
79,2024-09-18 03:01:00,2024-09-18 05:39:28,0
91,2024-12-14 15:00:00,2024-12-14 18:13:43,0
26,2024-04-19 16:45:00,2024-04-19 18:54:00,0
96,2024-02-28 11:07:00,2024-02-28 13:41:52,0
39,2024-02-25 08:30:00,2024-02-25 12:27:37,0
50,2024-07-04 19:34:00,2024-07-04 23:37:16,0
52,2024-04-13 08:22:00,2024-04-13 15:33:48,1
14,2024-12-16 10:48:00,2024-12-16 12:18:07,0
21,2024-04-09 21:52:00,2024-04-10 04:26:17,0
84,2024-01-31 21:53:00,2024-01-31 22:52:15,0
18,2024-05-13 15:59:00,2024-05-15 00:39:58,2
100,2024-07-17 17:16:00,2024-07-17 20:41:17,0
36,2024-11-04 18:46:00,2024-11-04 21:48:18,0
2,2024-08-06 16:25:00,2024-08-07 21:44:11,2
31,2024-03-01 03:31:00,2024-03-01 10:44:46,1
40,2024-04-05 06:04:00,2024-04-05 15:49:19,1
32,2024-09-27 06:35:00,2024-09-27 09:47:38,0
28,2024-12-14 10:27:00,2024-12-14 14:36:47,0
25,2024-07-25 03:05:00,2024-07-25 12:01:00,1
58,2024-04-15 15:41:00,2024-04-17 07:24:02,2
65,2024-10-19 02:00:00,2024-10-19 05:00:37,0
8,2024-03-27 05:05:00,2024-03-27 08:10:46,0
73,2024-10-12 01:32:00,2024-10-12 03:58:06,0
14,2024-02-14 16:22:00,2024-02-15 02:17:22,1
91,2024-03-29 15:42:00,2024-03-29 17:28:54,0
65,2024-06-02 11:49:00,2024-06-02 13:28:40,0
35,2024-01-04 20:20:00,2024-01-04 22:57:43,0
80,2024-12-03 23:26:00,2024-12-04 05:04:35,0
14,2024-11-14 22:21:00,2024-11-14 23:41:23,0
87,2024-12-29 09:17:00,2024-12-29 14:20:56,0
59,2024-10-23 23:20:00,2024-10-23 23:50:00,0
78,2024-02-27 21:19:00,2024-02-28 02:22:56,0
61,2024-11-15 06:46:00,2024-11-15 09:09:56,0
72,2024-06-13 22:12:00,2024-06-13 23:12:06,0
29,2024-05-10 20:07:00,2024-05-10 23:54:23,0
54,2024-02-12 04:21:00,2024-02-12 06:22:44,0
1,2024-12-13 23:37:00,2024-12-14 01:49:08,0
94,2024-07-30 04:31:00,2024-07-30 06:25:02,0
98,2024-05-31 04:32:00,2024-05-31 06:51:47,0
28,2024-07-13 16:45:00,2024-07-13 20:29:28,0
59,2024-02-03 07:28:00,2024-02-04 12:56:00,2
7,2024-02-27 02:01:00,2024-02-27 04:41:30,0
63,2024-12-11 22:46:00,2024-12-12 10:08:30,1
79,2024-03-20 09:34:00,2024-03-20 14:31:45,0
30,2024-06-19 15:52:00,2024-06-20 01:10:00,1
78,2024-09-23 07:23:00,2024-09-23 16:08:09,1
62,2024-08-29 02:12:00,2024-08-29 05:45:31,0
10,2024-04-04 21:05:00,2024-04-05 00:52:01,0
6,2024-04-12 04:04:00,2024-04-12 05:38:45,0
10,2024-06-16 13:16:00,2024-06-16 15:26:05,0
4,2024-03-24 22:28:00,2024-03-26 10:25:30,2
67,2024-11-03 22:41:00,2024-11-04 06:38:53,1
33,2024-05-23 16:09:00,2024-05-25 01:16:07,2
19,2024-07-23 21:42:00,2024-07-24 00:11:56,0
92,2024-12-06 01:52:00,2024-12-06 11:25:15,1
24,2024-01-10 04:26:00,2024-01-11 01:21:37,2
23,2024-04-27 02:52:00,2024-04-27 04:38:11,0
39,2024-12-27 12:18:00,2024-12-27 14:35:00,0
92,2024-01-16 20:14:00,2024-01-17 02:13:24,1
43,2024-09-02 09:02:00,2024-09-02 13:34:04,0
99,2024-11-08 09:08:00,2024-11-08 17:32:30,1
61,2024-04-14 03:05:00,2024-04-14 05:52:42,0
15,2024-10-22 16:06:00,2024-10-23 01:19:56,1
20,2024-05-23 01:01:00,2024-05-23 03:19:24,0
7,2024-01-29 16:01:00,2024-01-29 20:12:06,0
77,2024-04-04 22:36:00,2024-04-05 02:41:56,0
77,2024-09-25 12:55:00,2024-09-25 21:44:51,1
72,2024-11-15 00:06:00,2024-11-15 08:17:02,1
61,2024-06-17 19:03:00,2024-06-17 23:48:08,0
8,2024-04-18 22:04:00,2024-04-19 00:23:01,0
24,2024-06-18 19:20:00,2024-06-19 04:00:35,1
43,2024-07-11 16:04:00,2024-07-11 19:25:10,0
37,2024-01-07 22:22:00,2024-01-08 09:27:08,1
40,2024-08-02 18:03:00,2024-08-02 21:42:40,0
73,2024-06-08 22:51:00,2024-06-09 01:00:59,0
34,2024-10-25 17:51:00,2024-10-25 22:33:01,0
83,2024-06-19 15:46:00,2024-06-19 17:35:34,0
27,2024-12-19 05:37:00,2024-12-19 11:35:23,1
35,2024-11-30 05:33:00,2024-11-30 07:28:36,0
35,2024-07-29 08:44:00,2024-07-29 12:12:00,0
55,2024-12-18 15:29:00,2024-12-18 22:52:52,1
36,2024-12-17 00:43:00,2024-12-17 04:44:33,0
50,2024-05-12 10:03:00,2024-05-12 12:49:09,0
3,2024-06-13 21:04:00,2024-06-14 22:03:07,2
48,2024-05-11 00:52:00,2024-05-11 04:18:54,0
83,2024-01-06 05:59:00,2024-01-06 07:21:36,0
99,2024-11-26 08:45:00,2024-11-27 17:15:43,2
57,2024-07-18 23:08:00,2024-07-19 01:54:46,0
19,2024-05-04 20:32:00,2024-05-04 23:45:54,0
9,2024-05-15 00:38:00,2024-05-15 04:29:54,0
52,2024-03-16 15:39:00,2024-03-16 22:53:45,1
49,2024-05-19 15:45:00,2024-05-19 18:44:27,0
7,2024-12-12 21:24:00,2024-12-12 22:24:36,0
27,2024-06-28 02:31:00,2024-06-28 10:15:31,1
48,2024-10-10 09:09:00,2024-10-10 17:09:40,1
77,2024-02-20 14:49:00,2024-02-20 18:20:41,0
92,2024-11-30 01:41:00,2024-11-30 04:43:11,0
61,2024-08-27 06:05:00,2024-08-27 09:34:35,0
36,2024-08-01 19:01:00,2024-08-02 02:57:10,1
62,2024-12-20 04:41:00,2024-12-20 08:44:46,0
13,2024-09-29 12:17:00,2024-09-29 14:08:40,0
65,2024-08-10 04:10:00,2024-08-10 12:02:25,1
71,2024-07-13 03:32:00,2024-07-13 12:44:59,1
47,2024-06-25 03:39:00,2024-06-25 07:04:32,0
23,2024-08-15 17:34:00,2024-08-16 03:09:51,1
2,2024-03-27 08:30:00,2024-03-27 12:25:56,0
13,2024-06-02 08:56:00,2024-06-02 20:27:48,1
16,2024-01-09 00:26:00,2024-01-09 04:12:18,0
81,2024-09-02 02:00:00,2024-09-02 05:09:24,0
50,2024-08-10 17:22:00,2024-08-11 01:37:16,1
31,2024-07-14 06:56:00,2024-07-14 09:52:51,0
7,2024-02-20 12:26:00,2024-02-20 15:14:00,0
86,2024-09-27 15:22:00,2024-09-27 22:52:05,1
84,2024-12-11 18:35:00,2024-12-12 03:57:51,1
81,2024-09-02 01:20:00,2024-09-02 03:48:09,0
79,2024-11-27 07:53:00,2024-11-27 18:33:42,1
34,2024-02-29 14:21:00,2024-02-29 17:01:54,0
21,2024-10-16 11:49:00,2024-10-16 16:46:51,0
75,2024-11-12 12:07:00,2024-11-12 16:47:55,0
1,2024-02-20 11:27:00,2024-02-20 13:27:53,0
83,2024-09-20 19:53:00,2024-09-22 08:52:48,2
69,2024-01-14 20:56:00,2024-01-15 00:03:22,0
72,2024-07-07 00:02:00,2024-07-07 04:45:17,0
48,2024-08-26 08:25:00,2024-08-26 11:15:09,0
27,2024-12-08 10:52:00,2024-12-10 01:03:52,2
91,2024-02-01 11:17:00,2024-02-01 14:55:47,0
49,2024-07-13 11:18:00,2024-07-13 14:37:21,0
82,2024-04-18 15:58:00,2024-04-18 16:49:06,0
36,2024-07-20 14:07:00,2024-07-20 16:46:56,0
45,2024-05-19 04:11:00,2024-05-19 07:28:02,0
12,2024-03-05 06:30:00,2024-03-05 17:55:11,1
25,2024-02-15 16:39:00,2024-02-16 20:14:43,2
87,2024-11-11 06:45:00,2024-11-11 09:27:00,0
95,2024-04-04 18:05:00,2024-04-05 01:59:48,1
11,2024-07-26 01:50:00,2024-07-27 02:29:29,2
72,2024-03-15 09:24:00,2024-03-15 17:56:31,1
22,2024-02-03 15:55:00,2024-02-03 19:29:46,0
4,2024-09-06 14:08:00,2024-09-06 17:47:48,0
84,2024-04-06 22:02:00,2024-04-07 01:13:37,0
99,2024-01-11 15:20:00,2024-01-11 17:43:07,0
71,2024-02-25 18:54:00,2024-02-26 02:13:04,1
38,2024-08-11 12:38:00,2024-08-12 16:58:30,2
9,2024-06-16 11:47:00,2024-06-17 15:11:06,2
57,2024-06-03 12:36:00,2024-06-03 15:13:23,0
89,2024-06-05 19:48:00,2024-06-05 22:58:40,0
28,2024-10-14 03:51:00,2024-10-15 13:53:51,2
80,2024-11-29 07:42:00,2024-11-29 13:22:27,1
93,2024-03-23 20:45:00,2024-03-23 23:05:12,0
32,2024-05-29 17:37:00,2024-05-30 19:07:07,2
90,2024-04-22 11:50:00,2024-04-22 19:14:23,1
78,2024-01-14 15:54:00,2024-01-14 19:12:58,0
23,2024-07-26 03:22:00,2024-07-26 05:29:25,0
73,2024-07-19 20:31:00,2024-07-19 23:03:39,0
67,2024-01-31 22:49:00,2024-02-01 01:29:48,0
54,2024-03-16 07:57:00,2024-03-16 10:44:27,0
93,2024-08-09 07:37:00,2024-08-09 17:14:20,1
14,2024-05-25 06:08:00,2024-05-25 08:58:51,0
32,2024-11-18 21:45:00,2024-11-18 23:45:59,0
30,2024-01-13 12:50:00,2024-01-13 15:20:10,0
56,2024-01-18 07:06:00,2024-01-18 10:44:26,0
84,2024-07-03 01:26:00,2024-07-04 06:31:54,2
80,2024-06-07 04:21:00,2024-06-07 08:55:41,0
33,2024-08-29 18:13:00,2024-08-29 23:27:22,0
50,2024-05-12 13:10:00,2024-05-12 22:04:26,1
52,2024-02-05 22:19:00,2024-02-06 00:44:47,0
1,2024-06-29 01:28:00,2024-06-29 04:36:37,0
56,2024-10-06 22:38:00,2024-10-07 00:52:54,0
36,2024-12-18 14:17:00,2024-12-18 18:04:58,0
20,2024-05-03 22:54:00,2024-05-04 03:06:57,0
35,2024-12-03 03:55:00,2024-12-03 07:41:05,0
11,2024-06-05 09:39:00,2024-06-05 10:29:02,0
97,2024-08-27 10:41:00,2024-08-29 00:21:38,2
16,2024-09-19 20:29:00,2024-09-19 23:05:24,0
100,2024-04-06 23:22:00,2024-04-07 05:05:01,0
9,2024-12-03 01:21:00,2024-12-03 06:29:21,0
88,2024-02-08 01:26:00,2024-02-08 03:58:14,0
75,2024-04-16 21:05:00,2024-04-17 06:42:53,1
68,2024-06-10 06:09:00,2024-06-10 08:49:05,0
45,2024-07-21 16:19:00,2024-07-22 18:57:13,2
22,2024-10-19 02:25:00,2024-10-19 04:32:21,0
38,2024-06-22 21:43:00,2024-06-23 00:35:06,0
8,2024-04-15 16:54:00,2024-04-15 18:54:19,0
30,2024-03-13 00:58:00,2024-03-14 12:47:59,2
22,2024-11-24 08:35:00,2024-11-24 10:45:00,0
46,2024-03-03 03:40:00,2024-03-03 07:56:36,0
30,2024-08-24 18:55:00,2024-08-24 21:37:38,0
68,2024-06-17 20:00:00,2024-06-18 02:41:14,1
51,2024-05-30 15:20:00,2024-05-30 18:35:16,0
71,2024-08-18 05:37:00,2024-08-18 11:54:55,1
1,2024-01-10 11:08:00,2024-01-10 15:16:57,0
54,2024-07-29 09:23:00,2024-07-29 11:58:30,0
35,2024-12-08 06:57:00,2024-12-08 07:39:27,0
9,2024-11-12 03:03:00,2024-11-12 05:33:50,0
62,2024-02-21 03:39:00,2024-02-21 05:22:46,0
95,2024-01-15 05:31:00,2024-01-15 08:42:54,0
36,2024-11-13 17:49:00,2024-11-13 21:23:56,1
16,2024-10-21 14:08:00,2024-10-21 16:45:19,0
17,2024-08-25 20:23:00,2024-08-25 21:08:00,0
45,2024-03-25 18:24:00,2024-03-25 21:34:04,0
16,2024-09-12 23:59:00,2024-09-13 02:47:23,0
20,2024-03-15 03:36:00,2024-03-15 05:40:33,0
24,2024-03-30 09:15:00,2024-03-30 13:07:33,0
39,2024-03-16 00:51:00,2024-03-16 06:19:16,0
34,2024-06-26 09:46:00,2024-06-26 15:30:10,1
60,2024-03-28 06:45:00,2024-03-29 11:27:23,2
10,2024-12-08 20:54:00,2024-12-08 23:38:32,0
23,2024-12-09 23:19:00,2024-12-10 01:54:41,0
55,2024-06-25 01:43:00,2024-06-25 03:34:29,0
12,2024-05-10 09:20:00,2024-05-10 11:21:07,0
11,2024-12-22 06:57:00,2024-12-22 10:07:42,0
94,2024-03-18 14:29:00,2024-03-18 17:07:38,0
25,2024-08-30 14:13:00,2024-08-30 21:29:57,1
28,2024-08-20 14:51:00,2024-08-21 00:48:09,1
53,2024-09-09 09:43:00,2024-09-09 12:52:31,0
1,2024-08-30 19:17:00,2024-08-30 23:01:45,0
15,2024-09-02 13:31:00,2024-09-02 16:10:13,0
63,2024-02-12 08:08:00,2024-02-12 15:48:33,1
59,2024-06-12 16:52:00,2024-06-12 20:05:04,0
8,2024-01-24 17:54:00,2024-01-24 20:53:28,0
3,2024-03-17 13:31:00,2024-03-18 00:22:35,1
58,2024-11-19 14:39:00,2024-11-19 18:17:28,0
54,2024-07-24 05:17:00,2024-07-24 12:25:37,1
7,2024-06-20 04:11:00,2024-06-20 08:47:44,0
52,2024-05-24 19:23:00,2024-05-24 21:39:52,0
15,2024-03-01 23:25:00,2024-03-02 00:34:51,0
49,2024-06-10 23:30:00,2024-06-11 08:45:41,1
43,2024-10-03 18:52:00,2024-10-04 03:43:55,1
59,2024-06-18 11:51:00,2024-06-18 19:45:44,1
1,2024-05-27 12:38:00,2024-05-27 14:13:22,0
81,2024-07-22 16:57:00,2024-07-22 23:51:15,1
44,2024-03-16 00:05:00,2024-03-16 04:40:40,0
48,2024-04-01 08:15:00,2024-04-01 12:28:37,0
62,2024-10-11 21:35:00,2024-10-12 05:02:01,1
46,2024-12-22 07:14:00,2024-12-22 11:02:50,0
47,2024-04-30 03:31:00,2024-04-30 07:05:56,0
99,2024-01-08 05:11:00,2024-01-08 07:03:16,0
83,2024-11-26 20:09:00,2024-11-26 22:05:33,0
74,2024-09-28 16:54:00,2024-09-28 20:59:37,0
34,2024-04-02 15:51:00,2024-04-02 18:55:02,0
40,2024-12-06 11:35:00,2024-12-06 12:53:51,0
39,2024-04-14 11:32:00,2024-04-14 16:37:50,1
20,2024-08-20 09:05:00,2024-08-20 16:01:28,1
88,2024-06-29 22:34:00,2024-06-30 02:31:51,0
68,2024-07-09 11:41:00,2024-07-09 15:31:25,0
3,2024-11-07 15:43:00,2024-11-07 19:21:36,0
6,2024-01-03 02:27:00,2024-01-03 06:21:00,0
2,2024-04-12 21:04:00,2024-04-13 00:56:36,0
27,2024-04-13 01:25:00,2024-04-13 02:16:54,0
29,2024-10-12 09:57:00,2024-10-12 12:52:26,0
13,2024-10-16 02:32:00,2024-10-16 05:36:32,0
53,2024-03-31 16:40:00,2024-03-31 21:29:02,0
36,2024-08-03 00:56:00,2024-08-03 03:53:57,0
50,2024-12-13 18:35:00,2024-12-14 19:51:44,2
76,2024-08-25 23:48:00,2024-08-26 07:33:56,1
87,2024-11-22 17:38:00,2024-11-22 20:53:23,0
48,2024-11-10 14:04:00,2024-11-10 18:46:29,1
72,2024-12-15 08:19:00,2024-12-15 11:50:48,0
5,2024-06-01 12:15:00,2024-06-01 20:25:01,1
28,2024-11-22 03:28:00,2024-11-22 11:25:19,1
30,2024-04-14 11:09:00,2024-04-14 14:59:49,0
33,2024-02-25 18:00:00,2024-02-25 21:34:09,0
1,2024-05-02 19:20:00,2024-05-02 20:20:51,0
58,2024-02-16 00:42:00,2024-02-16 03:38:08,0
5,2024-08-11 13:13:00,2024-08-11 13:43:00,0
68,2024-06-04 04:32:00,2024-06-04 07:21:28,0
86,2024-10-29 05:19:00,2024-10-29 09:17:07,0
57,2024-11-17 20:28:00,2024-11-18 04:25:35,1
66,2024-03-16 21:58:00,2024-03-17 18:25:25,2
59,2024-11-29 06:37:00,2024-11-29 10:01:54,0
3,2024-08-31 19:54:00,2024-08-31 22:24:26,0
5,2024-10-24 06:11:00,2024-10-24 06:51:15,0
15,2024-01-11 23:34:00,2024-01-12 02:31:44,0
95,2024-01-07 17:58:00,2024-01-09 00:29:06,2
45,2024-01-03 19:41:00,2024-01-03 22:25:33,0
88,2024-03-22 10:58:00,2024-03-22 12:54:02,0
92,2024-08-19 11:20:00,2024-08-19 15:01:19,0
59,2024-11-27 21:17:00,2024-11-27 23:48:32,0
51,2024-08-26 12:24:00,2024-08-26 20:26:48,1
93,2024-10-07 01:02:00,2024-10-07 10:36:13,1
60,2024-12-19 05:31:00,2024-12-19 09:32:26,0
95,2024-08-20 13:44:00,2024-08-20 15:00:24,0
98,2024-11-13 15:57:00,2024-11-13 18:16:10,0
46,2024-12-28 23:35:00,2024-12-30 13:49:46,2
72,2024-10-08 20:11:00,2024-10-09 03:27:07,1
19,2024-05-26 14:25:00,2024-05-26 16:01:00,0
99,2024-10-27 21:25:00,2024-10-28 00:34:03,0
58,2024-11-28 01:27:00,2024-11-28 09:02:42,1
58,2024-10-25 08:18:00,2024-10-25 09:56:46,0
28,2024-12-11 22:51:00,2024-12-13 13:38:01,2
52,2024-03-18 06:39:00,2024-03-18 10:13:17,0
65,2024-08-18 10:43:00,2024-08-18 13:17:54,0
42,2024-02-03 16:37:00,2024-02-03 20:38:05,0
5,2024-09-07 08:11:00,2024-09-07 11:21:33,0
15,2024-01-07 19:57:00,2024-01-08 00:00:06,0
58,2024-11-07 09:22:00,2024-11-07 17:35:36,1
47,2024-07-17 20:25:00,2024-07-18 00:41:14,0
69,2024-08-21 19:07:00,2024-08-21 19:37:00,0
22,2024-08-23 00:47:00,2024-08-23 03:45:08,0
23,2024-08-15 06:56:00,2024-08-15 10:29:10,0
73,2024-02-09 20:20:00,2024-02-09 21:27:14,0
91,2024-02-20 19:15:00,2024-02-20 20:48:42,0
84,2024-11-11 18:26:00,2024-11-12 02:30:05,1
49,2024-08-23 13:02:00,2024-08-23 15:48:33,0
80,2024-03-24 03:45:00,2024-03-24 08:05:00,0
28,2024-05-20 21:59:00,2024-05-21 01:08:37,0
94,2024-10-07 15:56:00,2024-10-07 23:18:02,1
54,2024-01-16 11:25:00,2024-01-18 02:11:57,2
2,2024-03-03 05:07:00,2024-03-03 12:12:10,1
70,2024-11-20 17:30:00,2024-11-20 19:29:34,0
33,2024-01-23 13:55:00,2024-01-23 16:25:56,0
67,2024-01-11 09:23:00,2024-01-11 11:04:47,0
61,2024-09-10 11:26:00,2024-09-10 13:31:39,0
28,2024-02-17 15:18:00,2024-02-17 18:48:52,0
12,2024-05-23 01:26:00,2024-05-23 03:51:40,0
33,2024-04-27 04:00:00,2024-04-27 08:52:35,0
85,2024-12-08 07:17:00,2024-12-08 09:29:37,0
57,2024-01-24 09:55:00,2024-01-24 18:28:28,1
97,2024-03-08 19:53:00,2024-03-08 23:06:49,0
51,2024-06-03 17:49:00,2024-06-03 19:33:59,0
6,2024-07-07 00:21:00,2024-07-07 08:15:11,1
2,2024-07-25 14:49:00,2024-07-25 17:42:31,0
5,2024-06-21 12:38:00,2024-06-21 18:47:02,1
19,2024-08-14 01:09:00,2024-08-14 04:24:46,0
100,2024-12-10 03:48:00,2024-12-10 07:14:27,0
89,2024-02-29 16:59:00,2024-03-01 01:33:34,1
8,2024-04-05 13:19:00,2024-04-05 21:31:23,1
94,2024-07-22 14:44:00,2024-07-22 22:16:59,1
73,2024-12-03 22:24:00,2024-12-04 02:04:02,0
98,2024-07-12 23:00:00,2024-07-13 00:56:10,0
85,2024-06-12 11:39:00,2024-06-12 14:05:27,0
41,2024-02-17 11:08:00,2024-02-17 14:47:26,0
30,2024-11-13 21:41:00,2024-11-14 12:57:39,2
40,2024-10-02 07:29:00,2024-10-02 08:37:44,0
40,2024-12-30 03:15:00,2024-12-31 03:07:03,2
85,2024-10-27 14:44:00,2024-10-27 19:13:06,0
14,2024-09-28 06:48:00,2024-09-28 09:25:17,0
27,2024-05-01 10:25:00,2024-05-01 12:36:36,0
95,2024-12-24 22:06:00,2024-12-25 03:29:33,1
37,2024-11-24 14:38:00,2024-11-24 22:07:38,1
90,2024-02-12 14:39:00,2024-02-12 22:17:49,1
39,2024-02-19 14:50:00,2024-02-19 21:43:07,1
42,2024-05-21 09:53:00,2024-05-21 16:17:44,1
90,2024-10-07 02:32:00,2024-10-07 08:39:13,1
56,2024-07-05 03:26:00,2024-07-05 04:42:57,0
68,2024-04-18 06:53:00,2024-04-18 11:06:59,0
3,2024-05-04 20:32:00,2024-05-05 00:46:22,0
66,2024-01-16 12:00:00,2024-01-17 12:18:58,2
45,2024-09-02 19:24:00,2024-09-03 22:09:51,2
85,2024-09-06 18:16:00,2024-09-06 20:31:00,0
63,2024-06-09 09:52:00,2024-06-09 20:07:15,1
10,2024-12-07 12:25:00,2024-12-08 16:43:27,2
64,2024-07-26 06:43:00,2024-07-26 11:41:22,0
100,2024-07-18 05:41:00,2024-07-18 06:12:29,0
48,2024-03-04 00:39:00,2024-03-05 09:16:19,2
81,2024-06-02 19:01:00,2024-06-02 21:51:46,0
64,2024-07-27 23:44:00,2024-07-28 08:13:25,1
27,2024-12-05 10:39:00,2024-12-05 14:30:42,0
56,2024-02-16 13:51:00,2024-02-17 14:44:59,2
32,2024-08-26 11:32:00,2024-08-27 14:05:06,2
27,2024-06-16 01:30:00,2024-06-17 12:13:39,2
58,2024-03-18 01:32:00,2024-03-18 05:07:40,0
64,2024-04-25 19:09:00,2024-04-26 06:24:44,1
8,2024-05-31 21:12:00,2024-06-01 07:11:39,1
95,2024-12-07 16:15:00,2024-12-07 17:19:52,0
55,2024-01-24 07:08:00,2024-01-24 14:23:28,1
82,2024-10-14 09:04:00,2024-10-14 11:23:42,0
81,2024-09-28 03:52:00,2024-09-28 08:35:05,0
74,2024-04-15 08:06:00,2024-04-15 10:53:23,0
96,2024-02-27 10:32:00,2024-02-27 13:18:40,0
69,2024-10-16 05:56:00,2024-10-16 09:41:35,0
72,2024-11-06 13:02:00,2024-11-06 19:23:36,1
25,2024-01-08 15:02:00,2024-01-08 17:55:05,0
67,2024-06-07 18:45:00,2024-06-08 00:55:26,1
65,2024-08-22 20:02:00,2024-08-22 23:24:47,0
53,2024-05-30 11:43:00,2024-05-30 15:22:13,0
15,2024-08-15 16:48:00,2024-08-15 21:14:48,0
48,2024-06-14 08:25:00,2024-06-14 14:26:35,1
9,2024-02-23 23:40:00,2024-02-24 02:52:47,0
67,2024-01-11 03:07:00,2024-01-11 06:11:29,0
67,2024-12-28 03:40:00,2024-12-28 11:04:52,1
35,2024-11-18 15:51:00,2024-11-18 19:36:08,0
58,2024-05-09 19:27:00,2024-05-09 23:37:03,0
90,2024-10-18 19:07:00,2024-10-18 22:33:29,0
60,2024-06-24 06:25:00,2024-06-24 12:44:20,1
95,2024-02-19 17:01:00,2024-02-19 21:55:17,0
89,2024-02-15 11:19:00,2024-02-15 18:58:57,1
77,2024-11-30 17:07:00,2024-11-30 19:47:54,0
17,2024-02-19 09:11:00,2024-02-20 19:28:51,2
22,2024-01-06 10:20:00,2024-01-06 16:49:36,1
10,2024-11-30 09:26:00,2024-12-01 16:54:49,2
73,2024-01-31 08:51:00,2024-01-31 11:11:52,0
11,2024-06-24 08:28:00,2024-06-24 18:08:57,1
45,2024-06-24 21:54:00,2024-06-25 00:39:41,0
63,2024-07-27 07:54:00,2024-07-27 12:08:14,0
49,2024-04-25 03:34:00,2024-04-25 06:55:23,0
3,2024-04-05 04:42:00,2024-04-05 11:25:20,1
75,2024-06-28 15:21:00,2024-06-29 11:01:34,2
53,2024-07-20 10:20:00,2024-07-20 16:44:34,1
93,2024-01-24 20:17:00,2024-01-24 22:50:50,0
28,2024-08-02 23:00:00,2024-08-03 01:13:41,0
39,2024-03-13 08:53:00,2024-03-13 17:46:02,1
2,2024-11-08 11:56:00,2024-11-08 16:22:45,0
37,2024-05-22 23:45:00,2024-05-23 01:00:19,0
28,2024-01-04 02:07:00,2024-01-04 06:19:13,0
88,2024-12-29 00:17:00,2024-12-29 02:41:55,0
79,2024-05-21 00:26:00,2024-05-21 03:18:10,0
51,2024-07-19 05:00:00,2024-07-19 07:42:13,0
67,2024-02-28 05:21:00,2024-02-28 09:58:53,0
9,2024-03-12 10:04:00,2024-03-12 13:46:46,0
38,2024-12-07 01:29:00,2024-12-08 16:17:20,2
30,2024-12-03 06:53:00,2024-12-03 08:55:34,0
54,2024-01-02 04:16:00,2024-01-02 08:50:43,0
64,2024-09-26 18:39:00,2024-09-27 02:18:57,1
95,2024-01-06 21:48:00,2024-01-07 00:15:17,0
47,2024-02-14 11:22:00,2024-02-16 00:08:09,2
70,2024-12-08 18:14:00,2024-12-09 02:04:31,1
70,2024-05-17 23:40:00,2024-05-18 01:14:48,0
32,2024-05-13 18:39:00,2024-05-13 22:59:29,0
62,2024-09-01 09:12:00,2024-09-01 16:54:06,1
9,2024-02-23 01:27:00,2024-02-24 02:24:23,2
19,2024-02-23 06:03:00,2024-02-23 09:11:27,0
100,2024-11-28 04:23:00,2024-11-28 09:15:36,0
7,2024-05-12 04:16:00,2024-05-12 07:59:42,0
40,2024-08-30 17:13:00,2024-08-31 16:18:47,2
58,2024-07-08 06:41:00,2024-07-08 11:05:03,0
39,2024-03-18 01:59:00,2024-03-19 11:23:32,2
31,2024-11-13 08:26:00,2024-11-13 11:01:19,0
72,2024-07-14 19:56:00,2024-07-14 22:46:58,0
13,2024-11-16 23:35:00,2024-11-17 03:05:39,0
91,2024-09-11 06:35:00,2024-09-11 10:11:37,0
83,2024-04-04 07:50:00,2024-04-04 10:08:36,0
52,2024-05-28 18:50:00,2024-05-28 22:18:00,0
67,2024-12-12 07:40:00,2024-12-12 09:59:24,0
60,2024-08-03 03:41:00,2024-08-03 10:44:12,1
17,2024-12-07 02:34:00,2024-12-07 05:32:05,0
37,2024-11-23 00:43:00,2024-11-23 01:43:10,0
67,2024-02-09 08:56:00,2024-02-10 05:17:10,2
86,2024-02-07 18:40:00,2024-02-08 02:34:47,1
27,2024-12-21 19:15:00,2024-12-22 22:42:34,2
53,2024-09-23 20:16:00,2024-09-25 04:20:04,2
42,2024-02-05 02:54:00,2024-02-05 05:13:29,0
48,2024-04-13 08:52:00,2024-04-13 14:13:16,0
70,2024-02-12 05:00:00,2024-02-12 09:57:50,1
87,2024-11-08 06:37:00,2024-11-08 13:42:52,1
26,2024-12-04 09:46:00,2024-12-04 12:54:30,0
100,2024-10-20 18:48:00,2024-10-21 06:38:34,1
26,2024-04-14 04:54:00,2024-04-14 08:37:33,0
1,2024-10-12 01:39:00,2024-10-12 05:28:26,0
87,2024-12-03 04:17:00,2024-12-03 06:30:22,0
24,2024-03-04 21:47:00,2024-03-05 01:42:52,0
56,2024-06-13 06:31:00,2024-06-13 07:32:17,0
78,2024-05-28 14:47:00,2024-05-28 17:40:17,0
12,2024-01-06 03:36:00,2024-01-06 13:51:56,1
67,2024-10-26 13:56:00,2024-10-26 18:11:00,0
24,2024-12-29 17:47:00,2024-12-29 22:51:09,0
93,2024-04-17 12:17:00,2024-04-17 21:18:19,1
29,2024-02-19 06:02:00,2024-02-20 12:57:40,2
1,2024-12-26 18:48:00,2024-12-27 02:11:16,1
28,2024-01-05 10:12:00,2024-01-05 19:17:10,1
51,2024-02-08 09:21:00,2024-02-08 18:02:22,1
10,2024-11-06 10:13:00,2024-11-06 12:20:24,0
88,2024-07-21 22:59:00,2024-07-22 03:33:31,0
57,2024-08-02 08:15:00,2024-08-02 10:37:34,0
89,2024-08-11 05:31:00,2024-08-11 09:27:40,0
65,2024-10-27 14:23:00,2024-10-27 15:49:28,0
1,2024-05-14 11:07:00,2024-05-14 18:10:01,1
46,2024-10-09 16:28:00,2024-10-09 20:06:05,0
38,2024-01-06 10:27:00,2024-01-06 12:12:21,0
46,2024-07-17 17:29:00,2024-07-17 21:25:41,0
40,2024-12-29 22:28:00,2024-12-30 07:41:01,1
80,2024-10-19 16:04:00,2024-10-19 20:12:22,0
84,2024-05-30 14:23:00,2024-05-30 23:07:03,1
27,2024-05-03 22:20:00,2024-05-04 04:03:01,0
59,2024-11-11 21:57:00,2024-11-12 00:53:08,0
76,2024-05-14 18:54:00,2024-05-14 20:45:28,0
23,2024-03-17 14:46:00,2024-03-17 22:40:40,1
96,2024-01-11 08:52:00,2024-01-11 12:48:07,0
76,2024-04-08 11:48:00,2024-04-08 20:16:21,1
69,2024-05-02 06:20:00,2024-05-02 08:49:09,0
47,2024-05-11 09:13:00,2024-05-11 11:37:19,0
5,2024-12-17 04:22:00,2024-12-17 11:01:21,1
70,2024-04-11 08:40:00,2024-04-11 16:11:41,1
16,2024-05-21 11:51:00,2024-05-21 16:28:56,1
81,2024-01-30 21:27:00,2024-01-31 06:53:42,1
54,2024-07-23 10:09:00,2024-07-23 17:35:32,1
35,2024-02-07 09:38:00,2024-02-07 21:07:32,1
24,2024-07-04 06:40:00,2024-07-04 15:24:48,1
82,2024-01-15 15:01:00,2024-01-15 22:36:40,1
91,2024-04-04 14:39:00,2024-04-04 22:05:53,1
56,2024-08-04 05:16:00,2024-08-04 07:42:10,0
20,2024-11-29 00:52:00,2024-11-29 08:41:20,1
59,2024-03-11 23:37:00,2024-03-12 02:08:19,0
33,2024-11-09 14:22:00,2024-11-09 20:38:55,1
19,2024-01-27 16:14:00,2024-01-28 00:38:50,1
38,2024-07-16 01:34:00,2024-07-16 06:24:48,0
66,2024-06-20 02:00:00,2024-06-20 08:14:42,1
55,2024-11-08 23:54:00,2024-11-09 02:30:23,0
58,2024-02-22 14:50:00,2024-02-22 16:33:54,0
42,2024-02-06 08:03:00,2024-02-06 18:40:39,1
49,2024-02-29 10:11:00,2024-02-29 11:27:35,0
52,2024-08-26 10:17:00,2024-08-26 17:41:09,1
7,2024-02-04 00:17:00,2024-02-04 08:45:35,1
25,2024-03-24 22:18:00,2024-03-25 02:46:44,0
95,2024-02-03 11:48:00,2024-02-03 15:35:29,0
72,2024-12-30 00:28:00,2024-12-30 03:06:18,0
64,2024-06-26 16:51:00,2024-06-26 20:43:01,0
65,2024-04-30 13:37:00,2024-05-01 19:52:06,2
57,2024-03-06 05:49:00,2024-03-06 07:37:43,0
67,2024-05-30 07:06:00,2024-05-30 10:23:32,0
16,2024-10-26 21:50:00,2024-10-27 01:04:00,0
12,2024-05-02 16:06:00,2024-05-02 19:52:56,0
81,2024-04-13 03:56:00,2024-04-13 13:37:39,1
90,2024-10-25 03:35:00,2024-10-25 07:15:20,0
7,2024-01-14 22:01:00,2024-01-15 05:02:07,1
39,2024-11-16 15:12:00,2024-11-16 18:22:15,0
73,2024-12-01 20:06:00,2024-12-03 03:22:01,2
98,2024-11-18 17:07:00,2024-11-18 19:57:56,0
4,2024-03-14 23:34:00,2024-03-15 01:23:52,0
67,2024-07-26 04:37:00,2024-07-27 10:39:39,2
20,2024-05-03 15:10:00,2024-05-03 15:48:33,0
8,2024-12-10 22:32:00,2024-12-12 12:56:57,2
5,2024-01-09 03:22:00,2024-01-09 10:35:31,1
20,2024-05-17 21:13:00,2024-05-18 03:06:35,0
3,2024-10-25 07:34:00,2024-10-25 10:50:21,0
21,2024-10-20 09:49:00,2024-10-20 17:39:46,1
30,2024-03-11 14:20:00,2024-03-11 18:23:22,0
65,2024-11-02 05:32:00,2024-11-02 08:52:26,0
24,2024-07-18 07:34:00,2024-07-18 12:05:59,0
70,2024-08-23 10:17:00,2024-08-23 14:42:13,0
73,2024-10-18 14:28:00,2024-10-18 16:20:13,0
42,2024-08-29 21:49:00,2024-08-30 04:14:07,1
91,2024-05-10 23:10:00,2024-05-12 08:09:21,2
4,2024-05-13 03:55:00,2024-05-14 00:42:00,2
53,2024-07-06 23:23:00,2024-07-07 08:24:20,1
37,2024-06-03 09:30:00,2024-06-03 11:44:14,0
30,2024-01-12 13:47:00,2024-01-12 21:45:14,1
24,2024-05-07 11:01:00,2024-05-07 12:36:50,0
14,2024-07-25 23:42:00,2024-07-26 03:41:03,0
96,2024-12-15 07:46:00,2024-12-15 11:31:58,0
93,2024-05-29 21:12:00,2024-05-30 00:52:34,0
20,2024-04-02 17:48:00,2024-04-03 02:00:35,1
47,2024-11-27 02:43:00,2024-11-27 11:17:41,1
16,2024-03-29 23:48:00,2024-03-30 01:40:24,0
100,2024-01-06 05:19:00,2024-01-06 07:09:56,0
99,2024-05-16 05:34:00,2024-05-17 06:57:24,2
88,2024-06-08 12:32:00,2024-06-08 18:19:25,0
36,2024-02-15 02:19:00,2024-02-15 06:37:32,0
76,2024-10-29 14:24:00,2024-10-29 16:49:28,0
45,2024-09-23 06:04:00,2024-09-23 12:33:50,1
30,2024-12-05 12:16:00,2024-12-05 21:55:40,1
27,2024-05-09 06:26:00,2024-05-09 10:48:13,0
48,2024-07-30 16:25:00,2024-07-30 20:58:50,0
50,2024-08-10 03:41:00,2024-08-10 14:08:43,1
8,2024-08-13 20:13:00,2024-08-14 03:15:36,1
79,2024-09-27 11:31:00,2024-09-27 14:44:20,0
20,2024-12-01 10:46:00,2024-12-02 12:17:14,2
33,2024-08-23 18:12:00,2024-08-23 23:15:00,0
46,2024-01-06 23:16:00,2024-01-07 02:39:12,0
21,2024-09-02 19:01:00,2024-09-03 21:39:30,2
55,2024-09-28 09:23:00,2024-09-28 10:49:34,0
58,2024-11-29 17:13:00,2024-11-29 20:18:22,0
81,2024-06-24 22:28:00,2024-06-25 01:29:07,0
69,2024-09-27 10:50:00,2024-09-27 14:53:36,0
61,2024-02-21 19:18:00,2024-02-22 20:13:44,2
66,2024-05-03 10:01:00,2024-05-03 14:39:31,0
77,2024-09-30 17:13:00,2024-09-30 23:19:59,1
74,2024-11-28 23:51:00,2024-11-29 00:53:42,0
34,2024-04-21 03:55:00,2024-04-21 08:20:25,0
32,2024-03-28 11:34:00,2024-03-28 14:06:51,0
55,2024-10-17 19:20:00,2024-10-18 00:42:09,1
22,2024-08-21 19:04:00,2024-08-21 22:20:45,0
82,2024-05-04 01:55:00,2024-05-04 09:56:05,1
91,2024-11-14 00:18:00,2024-11-14 03:51:17,0
98,2024-05-16 00:07:00,2024-05-17 04:36:21,2
14,2024-12-19 13:56:00,2024-12-19 17:02:18,0
49,2024-08-18 05:50:00,2024-08-18 12:59:47,1
26,2024-08-05 10:47:00,2024-08-05 17:16:51,1
17,2024-09-30 16:42:00,2024-09-30 22:55:35,1
95,2024-05-25 02:18:00,2024-05-25 10:47:39,1
34,2024-01-27 04:42:00,2024-01-27 13:39:31,1
48,2024-06-30 18:41:00,2024-06-30 22:22:00,0
66,2024-06-19 12:05:00,2024-06-19 15:06:55,0
13,2024-10-26 11:43:00,2024-10-26 15:02:53,0
53,2024-09-30 05:29:00,2024-10-01 10:28:33,2
71,2024-06-01 04:12:00,2024-06-01 08:28:00,0
27,2024-06-23 12:58:00,2024-06-23 20:03:45,1
50,2024-06-08 16:18:00,2024-06-08 19:49:46,0
26,2024-10-12 19:27:00,2024-10-12 23:00:49,0
68,2024-12-10 16:05:00,2024-12-10 20:06:35,0
80,2024-06-01 12:23:00,2024-06-01 20:20:22,1
78,2024-10-29 19:46:00,2024-10-30 00:13:56,0
78,2024-10-12 22:45:00,2024-10-13 01:01:01,0
8,2024-07-14 22:27:00,2024-07-15 01:25:18,0
29,2024-01-15 15:50:00,2024-01-15 18:49:53,0
92,2024-03-09 02:23:00,2024-03-09 06:31:59,0
15,2024-05-24 16:16:00,2024-05-24 17:57:01,0
63,2024-06-15 14:19:00,2024-06-15 23:11:57,1
34,2024-06-26 03:29:00,2024-06-26 06:39:40,0
63,2024-01-23 21:20:00,2024-01-24 02:57:03,0
3,2024-02-13 16:25:00,2024-02-13 20:36:58,0
58,2024-11-12 20:41:00,2024-11-13 00:38:11,0
25,2024-01-16 05:39:00,2024-01-16 10:23:48,0
9,2024-07-03 03:24:00,2024-07-03 07:06:52,0
4,2024-03-07 04:31:00,2024-03-07 07:06:40,0
70,2024-05-29 07:47:00,2024-05-29 11:36:18,0
23,2024-06-10 09:45:00,2024-06-10 20:04:26,1
26,2024-04-13 18:11:00,2024-04-14 00:23:25,1
87,2024-09-17 14:43:00,2024-09-17 22:39:35,1
72,2024-12-26 13:57:00,2024-12-26 17:06:05,0
15,2024-08-31 02:16:00,2024-08-31 05:42:37,0
94,2024-09-21 07:50:00,2024-09-21 08:44:22,0
80,2024-05-31 14:02:00,2024-05-31 16:14:52,0
45,2024-02-04 03:03:00,2024-02-05 14:02:02,2
71,2024-12-07 23:34:00,2024-12-08 06:57:49,0
84,2024-06-27 01:15:00,2024-06-27 04:00:55,0
73,2024-06-19 15:06:00,2024-06-19 19:56:49,0
82,2024-11-03 20:47:00,2024-11-04 01:25:59,1
12,2024-05-24 08:03:00,2024-05-24 10:43:09,0
1,2024-08-23 14:21:00,2024-08-23 18:22:54,0
53,2024-01-20 04:31:00,2024-01-20 05:09:32,0
35,2024-01-10 05:47:00,2024-01-10 09:13:38,0
73,2024-02-29 12:23:00,2024-02-29 13:27:21,0
15,2024-04-15 17:02:00,2024-04-15 20:45:55,0
51,2024-01-17 22:26:00,2024-01-18 00:53:44,0
10,2024-03-22 18:03:00,2024-03-22 20:00:19,0
15,2024-03-18 03:29:00,2024-03-18 06:01:45,0
39,2024-12-02 19:12:00,2024-12-02 22:36:20,0
95,2024-02-03 15:55:00,2024-02-03 17:49:50,0
27,2024-03-24 05:46:00,2024-03-24 10:35:25,1
77,2024-02-04 13:55:00,2024-02-04 23:19:22,1
100,2024-10-13 19:18:00,2024-10-13 21:52:43,0
100,2024-03-18 13:12:00,2024-03-18 17:13:43,0
23,2024-05-15 01:27:00,2024-05-15 02:46:23,0
31,2024-08-09 18:45:00,2024-08-09 22:52:28,0
64,2024-03-29 03:52:00,2024-03-29 12:16:17,1
69,2024-03-05 19:04:00,2024-03-05 22:22:59,0
1,2024-02-27 09:25:00,2024-02-28 11:45:47,2
27,2024-12-15 10:17:00,2024-12-15 13:31:04,0
11,2024-02-21 17:08:00,2024-02-21 19:48:34,0
4,2024-02-14 06:22:00,2024-02-14 15:05:14,1
43,2024-10-07 11:38:00,2024-10-07 20:53:14,1
90,2024-09-01 22:23:00,2024-09-02 04:49:49,1
18,2024-06-19 14:33:00,2024-06-19 20:07:45,1
51,2024-08-06 04:43:00,2024-08-06 05:16:16,0
17,2024-03-22 09:36:00,2024-03-22 14:26:36,1
81,2024-08-23 06:47:00,2024-08-23 09:28:10,0
48,2024-08-17 04:28:00,2024-08-17 10:19:00,1
92,2024-04-19 20:21:00,2024-04-19 23:32:20,0
91,2024-12-09 17:09:00,2024-12-10 01:10:54,1
15,2024-10-19 01:48:00,2024-10-19 05:37:57,0
66,2024-03-03 05:20:00,2024-03-03 08:42:47,0
67,2024-04-08 15:34:00,2024-04-08 18:42:12,0
52,2024-08-22 16:59:00,2024-08-23 00:49:56,1
43,2024-10-07 03:06:00,2024-10-07 06:02:30,0
9,2024-01-23 20:32:00,2024-01-23 22:01:55,0
52,2024-12-20 05:44:00,2024-12-20 06:32:40,0
12,2024-05-27 03:11:00,2024-05-27 05:02:44,0
56,2024-01-19 10:31:00,2024-01-19 17:26:03,1
8,2024-02-26 11:35:00,2024-02-26 13:38:01,0
95,2024-11-05 00:58:00,2024-11-06 10:38:48,2
74,2024-10-31 13:40:00,2024-10-31 15:52:58,0
79,2024-10-31 13:58:00,2024-10-31 16:09:32,0
27,2024-02-12 19:54:00,2024-02-13 01:06:24,1
16,2024-09-12 08:53:00,2024-09-12 16:14:50,1
48,2024-12-12 00:26:00,2024-12-12 02:26:37,0
91,2024-07-03 00:23:00,2024-07-03 03:07:05,0
75,2024-10-09 14:06:00,2024-10-09 22:07:26,1
77,2024-01-29 14:08:00,2024-01-29 17:02:56,0
4,2024-11-21 12:48:00,2024-11-22 13:09:46,2
81,2024-05-31 01:54:00,2024-06-01 14:02:59,2
45,2024-10-24 09:35:00,2024-10-24 17:00:55,1
100,2024-01-31 00:11:00,2024-01-31 03:30:28,0
46,2024-09-22 20:25:00,2024-09-23 02:45:45,1
40,2024-12-26 18:41:00,2024-12-26 23:06:39,0
20,2024-06-06 19:47:00,2024-06-06 21:39:36,0
44,2024-12-16 15:04:00,2024-12-16 17:05:50,0
5,2024-12-02 20:35:00,2024-12-02 23:52:34,0
33,2024-12-23 01:01:00,2024-12-23 11:50:38,1
7,2024-10-24 17:42:00,2024-10-25 03:06:17,1
93,2024-10-15 03:11:00,2024-10-15 10:14:30,1
85,2024-06-28 09:54:00,2024-06-28 12:37:19,0
74,2024-07-02 14:54:00,2024-07-02 18:38:32,0
62,2024-04-18 21:21:00,2024-04-18 23:54:31,0
39,2024-02-23 14:13:00,2024-02-24 13:32:00,2
31,2024-04-23 20:10:00,2024-04-23 22:20:41,0
86,2024-11-12 10:41:00,2024-11-12 17:36:38,1
88,2024-06-10 17:33:00,2024-06-10 20:26:06,0
97,2024-10-23 06:19:00,2024-10-23 08:34:50,0
95,2024-05-26 06:30:00,2024-05-26 15:48:21,1
33,2024-03-13 11:56:00,2024-03-13 15:34:16,0
90,2024-02-28 12:57:00,2024-02-28 18:56:36,1
87,2024-06-21 10:01:00,2024-06-22 09:47:28,2
16,2024-08-22 04:09:00,2024-08-22 07:00:23,0
78,2024-04-10 03:26:00,2024-04-10 07:30:17,0
39,2024-02-20 17:24:00,2024-02-20 18:46:08,0
95,2024-10-15 11:51:00,2024-10-16 19:26:46,2
15,2024-06-16 22:11:00,2024-06-16 22:53:39,0
66,2024-09-22 02:51:00,2024-09-22 06:03:14,0
40,2024-02-14 00:44:00,2024-02-14 01:39:08,0
9,2024-10-06 22:45:00,2024-10-07 07:23:21,1
99,2024-03-27 01:20:00,2024-03-27 05:19:02,0
34,2024-11-03 02:44:00,2024-11-03 08:34:45,1
24,2024-02-28 08:48:00,2024-02-29 13:20:07,2
59,2024-06-08 13:58:00,2024-06-08 18:42:55,0
97,2024-04-02 22:48:00,2024-04-03 02:25:08,0
68,2024-11-06 20:18:00,2024-11-07 23:27:15,2
6,2024-07-15 01:56:00,2024-07-15 06:07:52,0
8,2024-07-25 21:28:00,2024-07-26 07:43:40,1
30,2024-03-06 07:58:00,2024-03-06 11:35:19,0
97,2024-02-02 22:07:00,2024-02-03 01:20:03,0
45,2024-05-04 03:00:00,2024-05-04 08:59:10,1
35,2024-08-30 10:47:00,2024-08-30 14:22:13,0
16,2024-03-05 12:39:00,2024-03-05 14:06:18,0
33,2024-11-02 20:15:00,2024-11-02 23:26:12,0
83,2024-11-03 22:28:00,2024-11-04 02:23:11,0
9,2024-07-11 02:30:00,2024-07-11 07:28:03,0
82,2024-08-02 04:11:00,2024-08-02 06:01:52,0
90,2024-12-01 02:50:00,2024-12-02 07:21:06,2
61,2024-02-16 22:51:00,2024-02-17 03:02:29,0
84,2024-11-12 05:13:00,2024-11-12 11:32:01,1
89,2024-07-23 14:54:00,2024-07-23 19:20:07,0
85,2024-12-02 01:20:00,2024-12-02 11:02:42,1
33,2024-11-22 23:21:00,2024-11-23 02:36:15,0
33,2024-12-16 08:45:00,2024-12-17 20:19:52,2
74,2024-05-03 11:36:00,2024-05-03 13:51:51,0
66,2024-08-06 12:00:00,2024-08-06 15:59:39,0
58,2024-03-13 08:49:00,2024-03-13 10:01:28,0
86,2024-10-29 04:25:00,2024-10-29 07:27:40,0
41,2024-06-03 00:24:00,2024-06-03 04:09:06,0
72,2024-07-27 09:23:00,2024-07-27 11:27:49,0
14,2024-11-18 12:02:00,2024-11-18 20:23:20,1
66,2024-09-07 14:03:00,2024-09-07 19:31:09,0
13,2024-08-05 21:13:00,2024-08-05 23:19:49,0
92,2024-02-04 19:52:00,2024-02-04 22:39:14,0
58,2024-04-23 01:02:00,2024-04-23 10:48:06,1
86,2024-04-23 14:23:00,2024-04-23 17:35:48,0
40,2024-09-05 13:49:00,2024-09-05 17:15:01,0
38,2024-07-14 00:40:00,2024-07-14 03:14:23,0
77,2024-04-14 08:15:00,2024-04-14 15:46:18,1
97,2024-12-29 10:48:00,2024-12-29 22:28:05,1
44,2024-05-18 02:33:00,2024-05-18 04:36:06,0
8,2024-07-08 06:12:00,2024-07-08 14:45:52,1
29,2024-12-23 06:25:00,2024-12-23 15:02:45,1
42,2024-10-28 16:19:00,2024-10-28 20:32:47,0
80,2024-02-07 05:02:00,2024-02-07 13:21:38,1
48,2024-07-01 13:03:00,2024-07-01 18:13:58,0
19,2024-11-23 21:52:00,2024-11-24 03:27:25,0
40,2024-06-11 04:30:00,2024-06-11 06:42:06,0
30,2024-06-27 08:22:00,2024-06-27 11:38:44,0
21,2024-05-26 14:31:00,2024-05-26 19:03:10,0
93,2024-05-11 17:41:00,2024-05-12 15:00:06,2
38,2024-11-20 07:55:00,2024-11-20 09:19:00,0
36,2024-11-25 23:43:00,2024-11-26 00:43:51,0
75,2024-04-01 13:24:00,2024-04-01 14:14:23,0
9,2024-08-08 09:38:00,2024-08-10 00:01:49,2
70,2024-08-05 22:55:00,2024-08-06 01:02:15,0
63,2024-12-20 09:21:00,2024-12-20 12:36:15,0
56,2024-10-02 04:10:00,2024-10-02 06:05:45,0
54,2024-11-11 17:36:00,2024-11-11 18:17:06,0
19,2024-06-19 05:50:00,2024-06-20 09:42:31,2
71,2024-12-03 04:44:00,2024-12-04 10:08:37,2
41,2024-04-12 15:09:00,2024-04-12 17:15:51,0
8,2024-01-24 09:59:00,2024-01-25 15:17:54,2
94,2024-06-17 16:16:00,2024-06-17 19:08:02,0
63,2024-06-18 20:24:00,2024-06-19 03:34:45,1
33,2024-09-18 22:45:00,2024-09-19 03:12:29,0
49,2024-02-04 13:54:00,2024-02-04 15:26:23,0
19,2024-05-29 01:39:00,2024-05-29 03:48:44,0
49,2024-06-24 12:22:00,2024-06-24 19:03:54,1
13,2024-05-12 05:04:00,2024-05-12 10:03:58,0
89,2024-11-07 23:05:00,2024-11-08 02:14:14,0
86,2024-03-09 13:57:00,2024-03-09 14:27:00,0
33,2024-02-04 18:01:00,2024-02-05 01:16:51,1
84,2024-07-26 05:40:00,2024-07-26 09:04:22,0
4,2024-06-16 01:12:00,2024-06-16 08:49:19,1
39,2024-01-19 00:56:00,2024-01-20 08:20:24,2
53,2024-11-05 14:13:00,2024-11-05 15:45:02,0
54,2024-10-21 15:11:00,2024-10-22 00:22:27,1
17,2024-07-20 19:00:00,2024-07-21 00:06:28,0
32,2024-12-30 22:16:00,2024-12-31 06:18:24,1
12,2024-12-01 19:18:00,2024-12-01 21:39:09,0
63,2024-10-08 14:21:00,2024-10-08 23:08:16,1
35,2024-04-28 16:49:00,2024-04-28 23:23:25,1
94,2024-01-20 09:05:00,2024-01-21 22:37:07,2
16,2024-07-27 18:46:00,2024-07-28 04:05:28,1
26,2024-02-02 08:11:00,2024-02-02 12:04:22,0
46,2024-06-27 17:43:00,2024-06-27 19:55:30,0
54,2024-11-08 04:00:00,2024-11-08 10:11:45,1
94,2024-10-20 11:49:00,2024-10-20 15:09:16,0
48,2024-02-15 11:50:00,2024-02-15 14:10:15,0
90,2024-04-22 18:51:00,2024-04-24 03:21:27,2
35,2024-10-26 01:18:00,2024-10-26 06:55:16,1
85,2024-11-29 20:02:00,2024-11-30 03:25:15,1
71,2024-07-10 19:01:00,2024-07-10 20:38:59,0
82,2024-12-17 07:11:00,2024-12-17 14:26:52,1
60,2024-02-22 06:00:00,2024-02-22 09:17:04,0
94,2024-10-16 06:36:00,2024-10-16 16:09:43,1
3,2024-01-09 23:20:00,2024-01-10 03:31:56,0
4,2024-10-23 18:48:00,2024-10-24 04:07:45,1
100,2024-09-07 23:18:00,2024-09-09 10:48:14,2
55,2024-11-24 09:30:00,2024-11-24 12:06:41,0
87,2024-10-14 14:25:00,2024-10-15 19:57:36,2
35,2024-09-22 11:51:00,2024-09-22 15:34:07,0
97,2024-10-02 16:34:00,2024-10-03 01:09:53,1
93,2024-02-17 02:13:00,2024-02-17 10:03:16,1
77,2024-11-25 18:37:00,2024-11-25 19:43:37,0
94,2024-01-23 05:49:00,2024-01-23 16:17:10,1
59,2024-09-30 00:57:00,2024-09-30 08:58:39,1
62,2024-11-08 13:39:00,2024-11-08 17:02:02,0
45,2024-07-09 02:07:00,2024-07-09 05:01:56,0
91,2024-06-09 09:25:00,2024-06-09 18:44:49,1
72,2024-07-16 03:06:00,2024-07-16 12:40:22,1
31,2024-12-24 08:30:00,2024-12-24 18:45:29,1
25,2024-10-04 00:03:00,2024-10-04 06:44:27,1
61,2024-05-26 18:20:00,2024-05-26 20:21:31,0
73,2024-08-23 12:12:00,2024-08-23 19:13:11,1
33,2024-01-11 22:56:00,2024-01-12 02:59:41,0
29,2024-09-17 08:30:00,2024-09-17 11:15:35,0
34,2024-09-21 06:28:00,2024-09-21 09:29:06,0
44,2024-10-15 20:26:00,2024-10-15 23:31:34,0
75,2024-12-02 10:24:00,2024-12-02 13:09:29,0
55,2024-07-15 07:00:00,2024-07-15 11:42:22,0
54,2024-04-12 05:44:00,2024-04-12 13:22:22,1
9,2024-04-29 09:05:00,2024-04-29 12:11:47,0
56,2024-03-13 03:22:00,2024-03-13 07:15:36,0
40,2024-09-19 03:57:00,2024-09-19 08:23:17,0
27,2024-04-27 00:37:00,2024-04-27 04:09:13,0
27,2024-07-03 16:59:00,2024-07-03 17:29:00,0
85,2024-02-05 01:07:00,2024-02-05 04:27:27,0
98,2024-05-22 15:49:00,2024-05-22 18:25:25,0
53,2024-08-31 06:06:00,2024-08-31 14:34:23,1
23,2024-10-11 19:57:00,2024-10-11 22:39:45,0
50,2024-02-09 21:39:00,2024-02-10 01:31:53,0
48,2024-09-04 04:20:00,2024-09-04 07:37:16,0
60,2024-07-28 11:12:00,2024-07-28 18:16:02,1
